name,object_info,actr_data,actr_data_processed
000000001171.jpg,"[['center_bias', 99, 840, 525, 1000, 0.3], ['train', 99.23114776611328, 735, 538, 774974, 3.1393311679314024], ['car', 63.92863988876343, 147, 817, 22440, 2.763004388357238]]","['_visual(cmd= , color= , screen_pos= _visuallocation(color= , screen_x= 840, screen_y= 525, value= ), value= center_bias) [0.1145]', '_visual(cmd= move_attention, color= , screen_pos= _visuallocation(color= None, screen_x= 840, screen_y= 525, value= None), value= center_bias) [0.1645]', '_visual(cmd= move_attention, color= , screen_pos= _visuallocation(color= None, screen_x= 735, screen_y= 538, value= None), value= train) [0.5002]', '_visuallocation(color= None, screen_x= 147, screen_y= 817, value= None) [0.5502]']","[[840, 525, 0.1145], [840, 525, 0.1645], [735, 538, 0.5002], [147, 817, 0.5502]]"
000000006810.jpg,"[['center_bias', 99, 840, 525, 1000, 0.3], ['clock', 97.71372079849243, 923, 347, 27680, 3.125453110647034]]","['_visual(cmd= , color= , screen_pos= _visuallocation(color= , screen_x= 840, screen_y= 525, value= ), value= center_bias) [0.1111]', '_visual(cmd= move_attention, color= , screen_pos= _visuallocation(color= None, screen_x= 840, screen_y= 525, value= None), value= center_bias) [0.1611]', '_visual(cmd= move_attention, color= , screen_pos= _visuallocation(color= None, screen_x= 923, screen_y= 347, value= None), value= clock) [0.5884]', '_visual(cmd= move_attention, color= , screen_pos= _visuallocation(color= None, screen_x= 923, screen_y= 347, value= None), value= clock) [0.5884]']","[[840, 525, 0.1111], [840, 525, 0.1611], [923, 347, 0.5884], [923, 347, 0.5884]]"
000000008179.jpg,"[['center_bias', 99, 840, 525, 1000, 0.3], ['traffic light', 83.48981142044067, 1234, 336, 236376, 2.9845891709152688], ['car', 99.290531873703, 434, 619, 22968, 3.139869652142331]]","['_visual(cmd= , color= , screen_pos= _visuallocation(color= , screen_x= 840, screen_y= 525, value= ), value= center_bias) [0.1109]', '_visual(cmd= move_attention, color= , screen_pos= _visuallocation(color= None, screen_x= 840, screen_y= 525, value= None), value= center_bias) [0.1609]', '_visuallocation(color= None, screen_x= 434, screen_y= 619, value= None) [0.2109]']","[[840, 525, 0.1109], [840, 525, 0.1609], [434, 619, 0.2109]]"
000000012892.jpg,"[['center_bias', 99, 840, 525, 1000, 0.3], ['bus', 99.99107122421265, 965, 596, 859248, 3.146195635171484], ['car', 96.9063937664032, 233, 911, 58491, 3.1179769126591506]]","['_visual(cmd= , color= , screen_pos= _visuallocation(color= , screen_x= 840, screen_y= 525, value= ), value= center_bias) [0.122]', '_visual(cmd= move_attention, color= , screen_pos= _visuallocation(color= None, screen_x= 840, screen_y= 525, value= None), value= center_bias) [0.172]', '_visual(cmd= move_attention, color= , screen_pos= _visuallocation(color= None, screen_x= 965, screen_y= 596, value= None), value= bus) [0.4978]', '_visuallocation(color= None, screen_x= 233, screen_y= 911, value= None) [0.5478]']","[[840, 525, 0.122], [840, 525, 0.172], [965, 596, 0.4978], [233, 911, 0.5478]]"
000000014044.jpg,"[['center_bias', 99, 840, 525, 1000, 0.3], ['car', 83.93574953079224, 320, 469, 187109, 2.9892899122850443], ['bicycle', 97.02419638633728, 610, 615, 410795, 3.1190718113888436], ['motorbike', 84.82945561408997, 1079, 648, 418872, 2.9986576266393685]]","['_visual(cmd= , color= , screen_pos= _visuallocation(color= , screen_x= 840, screen_y= 525, value= ), value= center_bias) [0.1116]', '_visual(cmd= move_attention, color= , screen_pos= _visuallocation(color= None, screen_x= 840, screen_y= 525, value= None), value= center_bias) [0.1616]', '_visual(cmd= move_attention, color= , screen_pos= _visuallocation(color= None, screen_x= 610, screen_y= 615, value= None), value= bicycle) [0.5733]', '_visuallocation(color= None, screen_x= 320, screen_y= 469, value= None) [0.6233]']","[[840, 525, 0.1116], [840, 525, 0.1616], [610, 615, 0.5733], [320, 469, 0.6233]]"
000000019194.jpg,"[['center_bias', 99, 840, 525, 1000, 0.3], ['refrigerator', 99.54448938369751, 1021, 543, 521266, 3.1421685507545964]]","['_visual(cmd= , color= , screen_pos= _visuallocation(color= , screen_x= 840, screen_y= 525, value= ), value= center_bias) [0.1192]', '_visual(cmd= move_attention, color= , screen_pos= _visuallocation(color= None, screen_x= 840, screen_y= 525, value= None), value= center_bias) [0.1692]', '_visual(cmd= move_attention, color= , screen_pos= _visuallocation(color= None, screen_x= 1021, screen_y= 543, value= None), value= refrigerator) [0.6283]', '_visual(cmd= move_attention, color= , screen_pos= _visuallocation(color= None, screen_x= 1021, screen_y= 543, value= None), value= refrigerator) [0.6283]']","[[840, 525, 0.1192], [840, 525, 0.1692], [1021, 543, 0.6283], [1021, 543, 0.6283]]"
000000030448.jpg,"[['center_bias', 99, 840, 525, 1000, 0.3], ['boat', 88.54472041130066, 1110, 740, 311712, 3.036826426261929], ['truck', 98.5745370388031, 428, 765, 240345, 3.133353876075663]]","['_visual(cmd= , color= , screen_pos= _visuallocation(color= , screen_x= 840, screen_y= 525, value= ), value= center_bias) [0.1133]', '_visual(cmd= move_attention, color= , screen_pos= _visuallocation(color= None, screen_x= 840, screen_y= 525, value= None), value= center_bias) [0.1633]', '_visual(cmd= move_attention, color= , screen_pos= _visuallocation(color= None, screen_x= 1110, screen_y= 740, value= None), value= boat) [0.5373]', '_visual(cmd= move_attention, color= , screen_pos= _visuallocation(color= None, screen_x= 428, screen_y= 765, value= None), value= truck) [1.0121]', '_visual(cmd= move_attention, color= , screen_pos= _visuallocation(color= None, screen_x= 428, screen_y= 765, value= None), value= truck) [1.0121]']","[[840, 525, 0.1133], [840, 525, 0.1633], [1110, 740, 0.5373], [428, 765, 1.0121], [428, 765, 1.0121]]"
000000041054.jpg,"[['center_bias', 99, 840, 525, 1000, 0.3], ['truck', 99.18510913848877, 836, 583, 751712, 3.138913457748781]]","['_visual(cmd= , color= , screen_pos= _visuallocation(color= , screen_x= 840, screen_y= 525, value= ), value= center_bias) [0.1149]', '_visual(cmd= move_attention, color= , screen_pos= _visuallocation(color= None, screen_x= 840, screen_y= 525, value= None), value= center_bias) [0.1649]', '_visual(cmd= move_attention, color= , screen_pos= _visuallocation(color= None, screen_x= 836, screen_y= 583, value= None), value= truck) [0.4158]', '_visual(cmd= move_attention, color= , screen_pos= _visuallocation(color= None, screen_x= 836, screen_y= 583, value= None), value= truck) [0.4158]']","[[840, 525, 0.1149], [840, 525, 0.1649], [836, 583, 0.4158], [836, 583, 0.4158]]"
000000042690.jpg,"[['center_bias', 99, 840, 525, 1000, 0.3], ['motorbike', 99.83968138694763, 1145, 671, 182823, 3.14483268233741], ['motorbike', 99.79519844055176, 604, 636, 104192, 3.1444317731103886], ['car', 96.79082632064821, 1490, 660, 32745, 3.1169014634015983]]","['_visual(cmd= , color= , screen_pos= _visuallocation(color= , screen_x= 840, screen_y= 525, value= ), value= center_bias) [0.1207]', '_visual(cmd= move_attention, color= , screen_pos= _visuallocation(color= None, screen_x= 840, screen_y= 525, value= None), value= center_bias) [0.1707]', '_visual(cmd= move_attention, color= , screen_pos= _visuallocation(color= None, screen_x= 604, screen_y= 636, value= None), value= motorbike) [0.6624]', '_visual(cmd= move_attention, color= , screen_pos= _visuallocation(color= None, screen_x= 1145, screen_y= 671, value= None), value= motorbike) [1.21]', '_visuallocation(color= None, screen_x= 1490, screen_y= 660, value= None) [1.26]']","[[840, 525, 0.1207], [840, 525, 0.1707], [604, 636, 0.6624], [1145, 671, 1.21], [1490, 660, 1.26]]"
000000044718.jpg,"[['center_bias', 99, 840, 525, 1000, 0.3], ['motorbike', 99.89712238311769, 1125, 463, 512272, 3.1453500875677016], ['motorbike', 99.89749789237976, 530, 613, 776403, 3.14535346892621], ['car', 98.44822883605957, 138, 56, 22048, 3.1321991710550967]]","['_visual(cmd= , color= , screen_pos= _visuallocation(color= , screen_x= 840, screen_y= 525, value= ), value= center_bias) [0.1074]', '_visual(cmd= move_attention, color= , screen_pos= _visuallocation(color= None, screen_x= 840, screen_y= 525, value= None), value= center_bias) [0.1574]', '_visual(cmd= move_attention, color= , screen_pos= _visuallocation(color= None, screen_x= 1125, screen_y= 463, value= None), value= motorbike) [0.6954]', '_visual(cmd= move_attention, color= , screen_pos= _visuallocation(color= None, screen_x= 530, screen_y= 613, value= None), value= motorbike) [1.2651]', '_visuallocation(color= None, screen_x= 138, screen_y= 56, value= None) [1.3151]']","[[840, 525, 0.1074], [840, 525, 0.1574], [1125, 463, 0.6954], [530, 613, 1.2651], [138, 56, 1.3151]]"
000000051310.jpg,"[['center_bias', 99, 840, 525, 1000, 0.3], ['train', 98.87406229972841, 816, 636, 906660, 3.1360858204750213], ['car', 76.11683011054994, 1089, 1047, 73718, 2.9044186264563643]]","['_visual(cmd= , color= , screen_pos= _visuallocation(color= , screen_x= 840, screen_y= 525, value= ), value= center_bias) [0.1137]', '_visual(cmd= move_attention, color= , screen_pos= _visuallocation(color= None, screen_x= 840, screen_y= 525, value= None), value= center_bias) [0.1637]', '_visual(cmd= move_attention, color= , screen_pos= _visuallocation(color= None, screen_x= 816, screen_y= 636, value= None), value= train) [0.52]', '_visuallocation(color= None, screen_x= 1089, screen_y= 1047, value= None) [0.57]']","[[840, 525, 0.1137], [840, 525, 0.1637], [816, 636, 0.52], [1089, 1047, 0.57]]"
000000059114.jpg,"[['center_bias', 99, 840, 525, 1000, 0.3], ['truck', 99.86596703529358, 992, 627, 507204, 3.14506949343045], ['car', 97.1510648727417, 136, 620, 41699, 3.1202494456973384]]","['_visual(cmd= , color= , screen_pos= _visuallocation(color= , screen_x= 840, screen_y= 525, value= ), value= center_bias) [0.1106]', '_visual(cmd= move_attention, color= , screen_pos= _visuallocation(color= None, screen_x= 840, screen_y= 525, value= None), value= center_bias) [0.1606]', '_visual(cmd= move_attention, color= , screen_pos= _visuallocation(color= None, screen_x= 992, screen_y= 627, value= None), value= truck) [0.5529]', '_visuallocation(color= None, screen_x= 136, screen_y= 620, value= None) [0.6029]']","[[840, 525, 0.1106], [840, 525, 0.1606], [992, 627, 0.5529], [136, 620, 0.6029]]"
000000062942.jpg,"[['center_bias', 99, 840, 525, 1000, 0.3], ['truck', 99.60861802101135, 789, 656, 939520, 3.1427480514346704]]","['_visual(cmd= , color= , screen_pos= _visuallocation(color= , screen_x= 840, screen_y= 525, value= ), value= center_bias) [0.1148]', '_visual(cmd= move_attention, color= , screen_pos= _visuallocation(color= None, screen_x= 840, screen_y= 525, value= None), value= center_bias) [0.1648]', '_visual(cmd= move_attention, color= , screen_pos= _visuallocation(color= None, screen_x= 789, screen_y= 656, value= None), value= truck) [0.5916]', '_visual(cmd= move_attention, color= , screen_pos= _visuallocation(color= None, screen_x= 789, screen_y= 656, value= None), value= truck) [0.5916]']","[[840, 525, 0.1148], [840, 525, 0.1648], [789, 656, 0.5916], [789, 656, 0.5916]]"
000000063353.jpg,"[['center_bias', 99, 840, 525, 1000, 0.3], ['refrigerator', 99.97177720069885, 841, 552, 623070, 3.1460220587662935], ['car', 99.14748072624208, 290, 260, 46920, 3.138571897891702]]","['_visual(cmd= , color= , screen_pos= _visuallocation(color= , screen_x= 840, screen_y= 525, value= ), value= center_bias) [0.113]', '_visual(cmd= move_attention, color= , screen_pos= _visuallocation(color= None, screen_x= 840, screen_y= 525, value= None), value= center_bias) [0.163]', '_visual(cmd= move_attention, color= , screen_pos= _visuallocation(color= None, screen_x= 841, screen_y= 552, value= None), value= refrigerator) [0.4626]', '_visuallocation(color= None, screen_x= 290, screen_y= 260, value= None) [0.5126]']","[[840, 525, 0.113], [840, 525, 0.163], [841, 552, 0.4626], [290, 260, 0.5126]]"
000000067490.jpg,"[['center_bias', 99, 840, 525, 1000, 0.3], ['car', 68.65031123161316, 1255, 979, 23108, 2.818944730103843], ['traffic light', 97.49526977539062, 974, 367, 4884, 3.123310241418218]]","['_visual(cmd= , color= , screen_pos= _visuallocation(color= , screen_x= 840, screen_y= 525, value= ), value= center_bias) [0.1125]', '_visual(cmd= move_attention, color= , screen_pos= _visuallocation(color= None, screen_x= 840, screen_y= 525, value= None), value= center_bias) [0.1625]', '_visual(cmd= move_attention, color= , screen_pos= _visuallocation(color= None, screen_x= 974, screen_y= 367, value= None), value= traffic light) [0.5783]', '_visuallocation(color= None, screen_x= 1255, screen_y= 979, value= None) [0.6283]']","[[840, 525, 0.1125], [840, 525, 0.1625], [974, 367, 0.5783], [1255, 979, 0.6283]]"
000000082894.jpg,"[['center_bias', 99, 840, 525, 1000, 0.3], ['pottedplant', 66.39145612716675, 467, 135, 128250, 2.7923468333228803], ['car', 97.16923832893372, 1113, 185, 118984, 3.120418007986516], ['bench', 61.743956804275506, 586, 359, 116280, 2.736702549431307], ['laptop', 97.10221290588379, 400, 646, 298528, 3.119796173328616], ['diningtable', 99.79915022850037, 837, 735, 982451, 3.144467397135204], ['fork', 91.89842939376831, 1265, 873, 91464, 3.0701796227906373], ['spoon', 70.09862661361693, 1072, 570, 18542, 2.8358284349211984], ['bowl', 94.78584527969359, 930, 600, 37052, 3.0980352670153652]]","['_visual(cmd= , color= , screen_pos= _visuallocation(color= , screen_x= 840, screen_y= 525, value= ), value= center_bias) [0.1117]', '_visual(cmd= move_attention, color= , screen_pos= _visuallocation(color= None, screen_x= 840, screen_y= 525, value= None), value= center_bias) [0.1617]', '_visual(cmd= move_attention, color= , screen_pos= _visuallocation(color= None, screen_x= 930, screen_y= 600, value= None), value= bowl) [0.6437]', '_visual(cmd= move_attention, color= , screen_pos= _visuallocation(color= None, screen_x= 1072, screen_y= 570, value= None), value= spoon) [1.0354]', '_visual(cmd= move_attention, color= , screen_pos= _visuallocation(color= None, screen_x= 837, screen_y= 735, value= None), value= diningtable) [1.4488]', '_visual(cmd= move_attention, color= , screen_pos= _visuallocation(color= None, screen_x= 400, screen_y= 646, value= None), value= laptop) [2.0153]', '_visual(cmd= move_attention, color= , screen_pos= _visuallocation(color= None, screen_x= 586, screen_y= 359, value= None), value= bench) [2.451]', '_visual(cmd= move_attention, color= , screen_pos= _visuallocation(color= None, screen_x= 467, screen_y= 135, value= None), value= pottedplant) [2.8948]', '_visuallocation(color= None, screen_x= 1113, screen_y= 185, value= None) [2.9448]']","[[840, 525, 0.1117], [840, 525, 0.1617], [930, 600, 0.6437], [1072, 570, 1.0354], [837, 735, 1.4488], [400, 646, 2.0153], [586, 359, 2.451], [467, 135, 2.8948], [1113, 185, 2.9448]]"
000000086020.jpg,"[['center_bias', 99, 840, 525, 1000, 0.3], ['car', 96.36989235877992, 81, 492, 78260, 3.11297324475394], ['truck', 89.66423869132996, 852, 682, 64500, 3.0480781100554157]]","['_visual(cmd= , color= , screen_pos= _visuallocation(color= , screen_x= 840, screen_y= 525, value= ), value= center_bias) [0.1198]', '_visual(cmd= move_attention, color= , screen_pos= _visuallocation(color= None, screen_x= 840, screen_y= 525, value= None), value= center_bias) [0.1698]', '_visual(cmd= move_attention, color= , screen_pos= _visuallocation(color= None, screen_x= 852, screen_y= 682, value= None), value= truck) [0.6458]', '_visuallocation(color= None, screen_x= 81, screen_y= 492, value= None) [0.6958]']","[[840, 525, 0.1198], [840, 525, 0.1698], [852, 682, 0.6458], [81, 492, 0.6958]]"
000000091670.jpg,"[['center_bias', 99, 840, 525, 1000, 0.3], ['car', 99.83916282653809, 306, 840, 147117, 3.144828009864573]]","['_visual(cmd= , color= , screen_pos= _visuallocation(color= , screen_x= 840, screen_y= 525, value= ), value= center_bias) [0.1174]', '_visual(cmd= move_attention, color= , screen_pos= _visuallocation(color= None, screen_x= 840, screen_y= 525, value= None), value= center_bias) [0.1674]', '_visuallocation(color= None, screen_x= 306, screen_y= 840, value= None) [0.2174]']","[[840, 525, 0.1174], [840, 525, 0.1674], [306, 840, 0.2174]]"
000000100503.jpg,"[['center_bias', 99, 840, 525, 1000, 0.3], ['car', 96.36785387992859, 193, 464, 16324, 3.1129541778879664]]","['_visual(cmd= , color= , screen_pos= _visuallocation(color= , screen_x= 840, screen_y= 525, value= ), value= center_bias) [0.1214]', '_visual(cmd= move_attention, color= , screen_pos= _visuallocation(color= None, screen_x= 840, screen_y= 525, value= None), value= center_bias) [0.1714]', '_visuallocation(color= None, screen_x= 193, screen_y= 464, value= None) [0.2214]']","[[840, 525, 0.1214], [840, 525, 0.1714], [193, 464, 0.2214]]"
000000100901.jpg,"[['center_bias', 99, 840, 525, 1000, 0.3], ['car', 99.7758448123932, 599, 712, 25016, 3.144257284362818]]","['_visual(cmd= , color= , screen_pos= _visuallocation(color= , screen_x= 840, screen_y= 525, value= ), value= center_bias) [0.1096]', '_visual(cmd= move_attention, color= , screen_pos= _visuallocation(color= None, screen_x= 840, screen_y= 525, value= None), value= center_bias) [0.1596]', '_visuallocation(color= None, screen_x= 599, screen_y= 712, value= None) [0.2096]']","[[840, 525, 0.1096], [840, 525, 0.1596], [599, 712, 0.2096]]"
000000101476.jpg,"[['center_bias', 99, 840, 525, 1000, 0.3], ['truck', 99.47925806045531, 836, 653, 519129, 3.1415786674272344], ['truck', 61.65011525154114, 352, 458, 49350, 2.7355674156854572]]","['_visual(cmd= , color= , screen_pos= _visuallocation(color= , screen_x= 840, screen_y= 525, value= ), value= center_bias) [0.1146]', '_visual(cmd= move_attention, color= , screen_pos= _visuallocation(color= None, screen_x= 840, screen_y= 525, value= None), value= center_bias) [0.1646]', '_visual(cmd= move_attention, color= , screen_pos= _visuallocation(color= None, screen_x= 836, screen_y= 653, value= None), value= truck) [0.4988]', '_visual(cmd= move_attention, color= , screen_pos= _visuallocation(color= None, screen_x= 352, screen_y= 458, value= None), value= truck) [1.1091]', '_visual(cmd= move_attention, color= , screen_pos= _visuallocation(color= None, screen_x= 352, screen_y= 458, value= None), value= truck) [1.1091]']","[[840, 525, 0.1146], [840, 525, 0.1646], [836, 653, 0.4988], [352, 458, 1.1091], [352, 458, 1.1091]]"
000000127136.jpg,"[['center_bias', 99, 840, 525, 1000, 0.3], ['aeroplane', 99.78333115577698, 850, 485, 687832, 3.1443247842634157]]","['_visual(cmd= , color= , screen_pos= _visuallocation(color= , screen_x= 840, screen_y= 525, value= ), value= center_bias) [0.1162]', '_visual(cmd= move_attention, color= , screen_pos= _visuallocation(color= None, screen_x= 840, screen_y= 525, value= None), value= center_bias) [0.1662]', '_visual(cmd= move_attention, color= , screen_pos= _visuallocation(color= None, screen_x= 850, screen_y= 485, value= None), value= aeroplane) [0.4917]', '_visual(cmd= move_attention, color= , screen_pos= _visuallocation(color= None, screen_x= 850, screen_y= 485, value= None), value= aeroplane) [0.4917]']","[[840, 525, 0.1162], [840, 525, 0.1662], [850, 485, 0.4917], [850, 485, 0.4917]]"
000000127751.jpg,"[['center_bias', 99, 840, 525, 1000, 0.3], ['bus', 99.9758005142212, 1000, 618, 315360, 3.146058257079619], ['car', 98.09109568595886, 1492, 710, 23030, 3.1289257455995387]]","['_visual(cmd= , color= , screen_pos= _visuallocation(color= , screen_x= 840, screen_y= 525, value= ), value= center_bias) [0.1218]', '_visual(cmd= move_attention, color= , screen_pos= _visuallocation(color= None, screen_x= 840, screen_y= 525, value= None), value= center_bias) [0.1718]', '_visual(cmd= move_attention, color= , screen_pos= _visuallocation(color= None, screen_x= 1000, screen_y= 618, value= None), value= bus) [0.6813]', '_visuallocation(color= None, screen_x= 1492, screen_y= 710, value= None) [0.7313]']","[[840, 525, 0.1218], [840, 525, 0.1718], [1000, 618, 0.6813], [1492, 710, 0.7313]]"
000000131509.jpg,"[['center_bias', 99, 840, 525, 1000, 0.3], ['teddy bear', 90.30519127845764, 787, 682, 13000, 3.0544670132273604], ['chair', 97.803395986557, 1136, 697, 71440, 3.1262795812326645], ['diningtable', 78.08012366294861, 1398, 762, 84732, 2.9262039873743553], ['teddy bear', 72.391676902771, 880, 675, 6675, 2.8622585734688744]]","['_visual(cmd= , color= , screen_pos= _visuallocation(color= , screen_x= 840, screen_y= 525, value= ), value= center_bias) [0.1176]', '_visual(cmd= move_attention, color= , screen_pos= _visuallocation(color= None, screen_x= 840, screen_y= 525, value= None), value= center_bias) [0.1676]', '_visual(cmd= move_attention, color= , screen_pos= _visuallocation(color= None, screen_x= 880, screen_y= 675, value= None), value= teddy bear) [0.4668]', '_visual(cmd= move_attention, color= , screen_pos= _visuallocation(color= None, screen_x= 787, screen_y= 682, value= None), value= teddy bear) [0.8699]', '_visual(cmd= move_attention, color= , screen_pos= _visuallocation(color= None, screen_x= 1136, screen_y= 697, value= None), value= chair) [1.2907]', '_visual(cmd= move_attention, color= , screen_pos= _visuallocation(color= None, screen_x= 1398, screen_y= 762, value= None), value= diningtable) [1.7432]', '_visual(cmd= move_attention, color= , screen_pos= _visuallocation(color= None, screen_x= 1398, screen_y= 762, value= None), value= diningtable) [1.7432]']","[[840, 525, 0.1176], [840, 525, 0.1676], [880, 675, 0.4668], [787, 682, 0.8699], [1136, 697, 1.2907], [1398, 762, 1.7432], [1398, 762, 1.7432]]"
000000139397.jpg,"[['center_bias', 99, 840, 525, 1000, 0.3], ['car', 89.3376111984253, 309, 534, 22528, 3.044807470273152]]","['_visual(cmd= , color= , screen_pos= _visuallocation(color= , screen_x= 840, screen_y= 525, value= ), value= center_bias) [0.1141]', '_visual(cmd= move_attention, color= , screen_pos= _visuallocation(color= None, screen_x= 840, screen_y= 525, value= None), value= center_bias) [0.1641]', '_visuallocation(color= None, screen_x= 309, screen_y= 534, value= None) [0.2141]']","[[840, 525, 0.1141], [840, 525, 0.1641], [309, 534, 0.2141]]"
000000151324.jpg,"[['center_bias', 99, 840, 525, 1000, 0.3], ['car', 85.14292240142822, 115, 695, 20328, 3.0019264604150195]]","['_visual(cmd= , color= , screen_pos= _visuallocation(color= , screen_x= 840, screen_y= 525, value= ), value= center_bias) [0.1162]', '_visual(cmd= move_attention, color= , screen_pos= _visuallocation(color= None, screen_x= 840, screen_y= 525, value= None), value= center_bias) [0.1662]', '_visuallocation(color= None, screen_x= 115, screen_y= 695, value= None) [0.2162]']","[[840, 525, 0.1162], [840, 525, 0.1662], [115, 695, 0.2162]]"
000000154452.jpg,"[['center_bias', 99, 840, 525, 1000, 0.3], ['truck', 64.17539715766907, 391, 483, 46689, 2.7659595208630336], ['car', 92.35965013504028, 231, 502, 17608, 3.074683025686503], ['car', 74.09864068031311, 1373, 658, 58077, 2.8817121463168465]]","['_visual(cmd= , color= , screen_pos= _visuallocation(color= , screen_x= 840, screen_y= 525, value= ), value= center_bias) [0.1042]', '_visual(cmd= move_attention, color= , screen_pos= _visuallocation(color= None, screen_x= 840, screen_y= 525, value= None), value= center_bias) [0.1542]', '_visual(cmd= move_attention, color= , screen_pos= _visuallocation(color= None, screen_x= 391, screen_y= 483, value= None), value= truck) [0.6184]', '_visuallocation(color= None, screen_x= 231, screen_y= 502, value= None) [0.6684]']","[[840, 525, 0.1042], [840, 525, 0.1542], [391, 483, 0.6184], [231, 502, 0.6684]]"
000000157314.jpg,"[['center_bias', 99, 840, 525, 1000, 0.3], ['train', 93.8424289226532, 1182, 341, 492624, 3.0890224745676003], ['car', 99.46094751358031, 343, 503, 123539, 3.141413010343235], ['umbrella', 95.6588625907898, 831, 572, 241374, 3.1062983714473873]]","['_visual(cmd= , color= , screen_pos= _visuallocation(color= , screen_x= 840, screen_y= 525, value= ), value= center_bias) [0.1259]', '_visual(cmd= move_attention, color= , screen_pos= _visuallocation(color= None, screen_x= 840, screen_y= 525, value= None), value= center_bias) [0.1759]', '_visual(cmd= move_attention, color= , screen_pos= _visuallocation(color= None, screen_x= 831, screen_y= 572, value= None), value= umbrella) [0.4738]', '_visual(cmd= move_attention, color= , screen_pos= _visuallocation(color= None, screen_x= 1182, screen_y= 341, value= None), value= train) [0.9458]', '_visuallocation(color= None, screen_x= 343, screen_y= 503, value= None) [0.9958]']","[[840, 525, 0.1259], [840, 525, 0.1759], [831, 572, 0.4738], [1182, 341, 0.9458], [343, 503, 0.9958]]"
000000176210.jpg,"[['center_bias', 99, 840, 525, 1000, 0.3], ['car', 95.4259991645813, 1409, 709, 47754, 3.1041015913893957]]","['_visual(cmd= , color= , screen_pos= _visuallocation(color= , screen_x= 840, screen_y= 525, value= ), value= center_bias) [0.1144]', '_visual(cmd= move_attention, color= , screen_pos= _visuallocation(color= None, screen_x= 840, screen_y= 525, value= None), value= center_bias) [0.1644]', '_visuallocation(color= None, screen_x= 1409, screen_y= 709, value= None) [0.2144]']","[[840, 525, 0.1144], [840, 525, 0.1644], [1409, 709, 0.2144]]"
000000180878.jpg,"[['center_bias', 99, 840, 525, 1000, 0.3], ['cake', 86.26241683959961, 732, 482, 576638, 3.013528308471188], ['cell phone', 90.09926319122314, 1119, 881, 91698, 3.0524185931090524], ['car', 78.87885570526123, 1168, 655, 69160, 2.9349785618155937]]","['_visual(cmd= , color= , screen_pos= _visuallocation(color= , screen_x= 840, screen_y= 525, value= ), value= center_bias) [0.1096]', '_visual(cmd= move_attention, color= , screen_pos= _visuallocation(color= None, screen_x= 840, screen_y= 525, value= None), value= center_bias) [0.1596]', '_visual(cmd= move_attention, color= , screen_pos= _visuallocation(color= None, screen_x= 732, screen_y= 482, value= None), value= cake) [0.4619]', '_visuallocation(color= None, screen_x= 1168, screen_y= 655, value= None) [0.5119]']","[[840, 525, 0.1096], [840, 525, 0.1596], [732, 482, 0.4619], [1168, 655, 0.5119]]"
000000197666.jpg,"[['center_bias', 99, 840, 525, 1000, 0.3], ['fire hydrant', 99.99598264694214, 524, 560, 846451, 3.1462398143082173], ['car', 67.6155388355255, 1385, 529, 43365, 2.806799383272741]]","['_visual(cmd= , color= , screen_pos= _visuallocation(color= , screen_x= 840, screen_y= 525, value= ), value= center_bias) [0.1224]', '_visual(cmd= move_attention, color= , screen_pos= _visuallocation(color= None, screen_x= 840, screen_y= 525, value= None), value= center_bias) [0.1724]', '_visual(cmd= move_attention, color= , screen_pos= _visuallocation(color= None, screen_x= 524, screen_y= 560, value= None), value= fire hydrant) [0.5423]', '_visuallocation(color= None, screen_x= 1385, screen_y= 529, value= None) [0.5923]']","[[840, 525, 0.1224], [840, 525, 0.1724], [524, 560, 0.5423], [1385, 529, 0.5923]]"
000000198495.jpg,"[['center_bias', 99, 840, 525, 1000, 0.3], ['motorbike', 99.90978240966795, 871, 539, 1312164, 3.145464079940222], ['car', 96.08737230300905, 99, 336, 87361, 3.1103269812511796]]","['_visual(cmd= , color= , screen_pos= _visuallocation(color= , screen_x= 840, screen_y= 525, value= ), value= center_bias) [0.1229]', '_visual(cmd= move_attention, color= , screen_pos= _visuallocation(color= None, screen_x= 840, screen_y= 525, value= None), value= center_bias) [0.1729]', '_visual(cmd= move_attention, color= , screen_pos= _visuallocation(color= None, screen_x= 871, screen_y= 539, value= None), value= motorbike) [0.4566]', '_visuallocation(color= None, screen_x= 99, screen_y= 336, value= None) [0.5066]']","[[840, 525, 0.1229], [840, 525, 0.1729], [871, 539, 0.4566], [99, 336, 0.5066]]"
000000201887.jpg,"[['center_bias', 99, 840, 525, 1000, 0.3], ['bus', 91.40413403511049, 838, 502, 1125552, 3.0653306974299044], ['car', 91.82251095771791, 1560, 422, 63325, 3.069436396638476]]","['_visual(cmd= , color= , screen_pos= _visuallocation(color= , screen_x= 840, screen_y= 525, value= ), value= center_bias) [0.1137]', '_visual(cmd= move_attention, color= , screen_pos= _visuallocation(color= None, screen_x= 840, screen_y= 525, value= None), value= center_bias) [0.1637]', '_visual(cmd= move_attention, color= , screen_pos= _visuallocation(color= None, screen_x= 838, screen_y= 502, value= None), value= bus) [0.443]', '_visuallocation(color= None, screen_x= 1560, screen_y= 422, value= None) [0.493]']","[[840, 525, 0.1137], [840, 525, 0.1637], [838, 502, 0.443], [1560, 422, 0.493]]"
000000203062.jpg,"[['center_bias', 99, 840, 525, 1000, 0.3], ['car', 99.7933566570282, 963, 944, 190430, 3.1444151695289504], ['truck', 73.9152431488037, 797, 439, 52260, 2.879633542721838]]","['_visual(cmd= , color= , screen_pos= _visuallocation(color= , screen_x= 840, screen_y= 525, value= ), value= center_bias) [0.1157]', '_visual(cmd= move_attention, color= , screen_pos= _visuallocation(color= None, screen_x= 840, screen_y= 525, value= None), value= center_bias) [0.1657]', '_visual(cmd= move_attention, color= , screen_pos= _visuallocation(color= None, screen_x= 797, screen_y= 439, value= None), value= truck) [0.4848]', '_visuallocation(color= None, screen_x= 963, screen_y= 944, value= None) [0.5348]']","[[840, 525, 0.1157], [840, 525, 0.1657], [797, 439, 0.4848], [963, 944, 0.5348]]"
000000212346.jpg,"[['center_bias', 99, 840, 525, 1000, 0.3], ['bus', 99.97215867042542, 825, 568, 1226266, 3.146025490971591], ['car', 96.88271284103394, 1440, 610, 20604, 3.1177566491839372]]","['_visual(cmd= , color= , screen_pos= _visuallocation(color= , screen_x= 840, screen_y= 525, value= ), value= center_bias) [0.1166]', '_visual(cmd= move_attention, color= , screen_pos= _visuallocation(color= None, screen_x= 840, screen_y= 525, value= None), value= center_bias) [0.1666]', '_visual(cmd= move_attention, color= , screen_pos= _visuallocation(color= None, screen_x= 825, screen_y= 568, value= None), value= bus) [0.3721]', '_visuallocation(color= None, screen_x= 1440, screen_y= 610, value= None) [0.4221]']","[[840, 525, 0.1166], [840, 525, 0.1666], [825, 568, 0.3721], [1440, 610, 0.4221]]"
000000216006.jpg,"[['center_bias', 99, 840, 525, 1000, 0.3], ['car', 94.31580305099487, 363, 802, 118188, 3.0935555845412472]]","['_visual(cmd= , color= , screen_pos= _visuallocation(color= , screen_x= 840, screen_y= 525, value= ), value= center_bias) [0.1212]', '_visual(cmd= move_attention, color= , screen_pos= _visuallocation(color= None, screen_x= 840, screen_y= 525, value= None), value= center_bias) [0.1712]', '_visuallocation(color= None, screen_x= 363, screen_y= 802, value= None) [0.2212]']","[[840, 525, 0.1212], [840, 525, 0.1712], [363, 802, 0.2212]]"
000000220666.jpg,"[['center_bias', 99, 840, 525, 1000, 0.3], ['aeroplane', 99.27831292152405, 654, 538, 336971, 3.139758881469608], ['car', 99.60548281669615, 1429, 719, 67405, 3.1427197295288036]]","['_visual(cmd= , color= , screen_pos= _visuallocation(color= , screen_x= 840, screen_y= 525, value= ), value= center_bias) [0.1078]', '_visual(cmd= move_attention, color= , screen_pos= _visuallocation(color= None, screen_x= 840, screen_y= 525, value= None), value= center_bias) [0.1578]', '_visual(cmd= move_attention, color= , screen_pos= _visuallocation(color= None, screen_x= 654, screen_y= 538, value= None), value= aeroplane) [0.5101]', '_visuallocation(color= None, screen_x= 1429, screen_y= 719, value= None) [0.5601]']","[[840, 525, 0.1078], [840, 525, 0.1578], [654, 538, 0.5101], [1429, 719, 0.5601]]"
000000231338.jpg,"[['center_bias', 99, 840, 525, 1000, 0.3], ['truck', 99.72388744354248, 466, 597, 310554, 3.1437886625801106], ['truck', 99.94949102401732, 1121, 619, 237075, 3.145821517835554], ['car', 96.23457193374634, 206, 719, 40020, 3.1117067229677553], ['traffic light', 65.82971215248108, 1372, 378, 4998, 2.785577151915573]]","['_visual(cmd= , color= , screen_pos= _visuallocation(color= , screen_x= 840, screen_y= 525, value= ), value= center_bias) [0.1226]', '_visual(cmd= move_attention, color= , screen_pos= _visuallocation(color= None, screen_x= 840, screen_y= 525, value= None), value= center_bias) [0.1726]', '_visual(cmd= move_attention, color= , screen_pos= _visuallocation(color= None, screen_x= 1121, screen_y= 619, value= None), value= truck) [0.6212]', '_visual(cmd= move_attention, color= , screen_pos= _visuallocation(color= None, screen_x= 1372, screen_y= 378, value= None), value= traffic light) [1.147]', '_visual(cmd= move_attention, color= , screen_pos= _visuallocation(color= None, screen_x= 466, screen_y= 597, value= None), value= truck) [1.6348]', '_visuallocation(color= None, screen_x= 206, screen_y= 719, value= None) [1.6848]']","[[840, 525, 0.1226], [840, 525, 0.1726], [1121, 619, 0.6212], [1372, 378, 1.147], [466, 597, 1.6348], [206, 719, 1.6848]]"
000000254296.jpg,"[['center_bias', 99, 840, 525, 1000, 0.3], ['motorbike', 99.7015655040741, 1247, 843, 119368, 3.1435872509462484], ['car', 75.37184953689575, 179, 869, 21620, 2.8960730411094544]]","['_visual(cmd= , color= , screen_pos= _visuallocation(color= , screen_x= 840, screen_y= 525, value= ), value= center_bias) [0.1136]', '_visual(cmd= move_attention, color= , screen_pos= _visuallocation(color= None, screen_x= 840, screen_y= 525, value= None), value= center_bias) [0.1636]', '_visual(cmd= move_attention, color= , screen_pos= _visuallocation(color= None, screen_x= 1247, screen_y= 843, value= None), value= motorbike) [0.5941]', '_visuallocation(color= None, screen_x= 179, screen_y= 869, value= None) [0.6441]']","[[840, 525, 0.1136], [840, 525, 0.1636], [1247, 843, 0.5941], [179, 869, 0.6441]]"
000000261316.jpg,"[['center_bias', 99, 840, 525, 1000, 0.3], ['bus', 99.99585151672363, 728, 487, 1052760, 3.146238634799259], ['bicycle', 92.7757203578949, 1323, 745, 189471, 3.0787280716813132], ['car', 98.08473587036131, 1409, 508, 21896, 3.1288673384189445]]","['_visual(cmd= , color= , screen_pos= _visuallocation(color= , screen_x= 840, screen_y= 525, value= ), value= center_bias) [0.1179]', '_visual(cmd= move_attention, color= , screen_pos= _visuallocation(color= None, screen_x= 840, screen_y= 525, value= None), value= center_bias) [0.1679]', '_visual(cmd= move_attention, color= , screen_pos= _visuallocation(color= None, screen_x= 728, screen_y= 487, value= None), value= bus) [0.5221]', '_visual(cmd= move_attention, color= , screen_pos= _visuallocation(color= None, screen_x= 1323, screen_y= 745, value= None), value= bicycle) [0.9268]', '_visuallocation(color= None, screen_x= 1409, screen_y= 508, value= None) [0.9768]']","[[840, 525, 0.1179], [840, 525, 0.1679], [728, 487, 0.5221], [1323, 745, 0.9268], [1409, 508, 0.9768]]"
000000261746.jpg,"[['center_bias', 99, 840, 525, 1000, 0.3], ['traffic light', 83.57077836990356, 809, 228, 48760, 2.9854439656243104], ['traffic light', 95.39987444877623, 954, 236, 47175, 3.1038548064688807], ['car', 92.015278339386, 840, 895, 28359, 3.071322473390642]]","['_visual(cmd= , color= , screen_pos= _visuallocation(color= , screen_x= 840, screen_y= 525, value= ), value= center_bias) [0.1114]', '_visual(cmd= move_attention, color= , screen_pos= _visuallocation(color= None, screen_x= 840, screen_y= 525, value= None), value= center_bias) [0.1614]', '_visual(cmd= move_attention, color= , screen_pos= _visuallocation(color= None, screen_x= 809, screen_y= 228, value= None), value= traffic light) [0.5037]', '_visual(cmd= move_attention, color= , screen_pos= _visuallocation(color= None, screen_x= 954, screen_y= 236, value= None), value= traffic light) [0.8574]', '_visuallocation(color= None, screen_x= 840, screen_y= 895, value= None) [0.9074]']","[[840, 525, 0.1114], [840, 525, 0.1614], [809, 228, 0.5037], [954, 236, 0.8574], [840, 895, 0.9074]]"
000000262442.jpg,"[['center_bias', 99, 840, 525, 1000, 0.3], ['bus', 98.94105792045592, 882, 583, 716703, 3.1366956674595032], ['car', 79.08717393875122, 1487, 663, 33604, 2.93725850464692]]","['_visual(cmd= , color= , screen_pos= _visuallocation(color= , screen_x= 840, screen_y= 525, value= ), value= center_bias) [0.1257]', '_visual(cmd= move_attention, color= , screen_pos= _visuallocation(color= None, screen_x= 840, screen_y= 525, value= None), value= center_bias) [0.1757]', '_visual(cmd= move_attention, color= , screen_pos= _visuallocation(color= None, screen_x= 882, screen_y= 583, value= None), value= bus) [0.5008]', '_visuallocation(color= None, screen_x= 1487, screen_y= 663, value= None) [0.5508]']","[[840, 525, 0.1257], [840, 525, 0.1757], [882, 583, 0.5008], [1487, 663, 0.5508]]"
000000268577.jpg,"[['center_bias', 99, 840, 525, 1000, 0.3], ['parking meter', 98.67882132530212, 335, 432, 22944, 3.134306050817149], ['parking meter', 97.08618521690369, 544, 434, 23407, 3.1196474094777993], ['parking meter', 97.08200693130492, 860, 511, 11424, 3.1196085466156016], ['parking meter', 98.44043254852295, 1002, 527, 12880, 3.1321278254408385], ['car', 77.86048650741576, 1245, 674, 14391, 2.9237820656438265], ['parking meter', 93.27316284179688, 1170, 527, 8109, 3.08354012616434], ['parking meter', 61.16355061531067, 1398, 549, 5929, 2.729644600177323], ['parking meter', 67.91501045227051, 1495, 549, 5124, 2.8102313250943003]]","['_visual(cmd= , color= , screen_pos= _visuallocation(color= , screen_x= 840, screen_y= 525, value= ), value= center_bias) [0.1193]', '_visual(cmd= move_attention, color= , screen_pos= _visuallocation(color= None, screen_x= 840, screen_y= 525, value= None), value= center_bias) [0.1693]', '_visual(cmd= move_attention, color= , screen_pos= _visuallocation(color= None, screen_x= 860, screen_y= 511, value= None), value= parking meter) [0.4577]', '_visual(cmd= move_attention, color= , screen_pos= _visuallocation(color= None, screen_x= 1002, screen_y= 527, value= None), value= parking meter) [0.8373]', '_visual(cmd= move_attention, color= , screen_pos= _visuallocation(color= None, screen_x= 1170, screen_y= 527, value= None), value= parking meter) [1.2679]', '_visuallocation(color= None, screen_x= 1245, screen_y= 674, value= None) [1.3179]']","[[840, 525, 0.1193], [840, 525, 0.1693], [860, 511, 0.4577], [1002, 527, 0.8373], [1170, 527, 1.2679], [1245, 674, 1.3179]]"
000000273164.jpg,"[['center_bias', 99, 840, 525, 1000, 0.3], ['suitcase', 98.92404675483705, 914, 694, 57687, 3.136540860477371]]","['_visual(cmd= , color= , screen_pos= _visuallocation(color= , screen_x= 840, screen_y= 525, value= ), value= center_bias) [0.1089]', '_visual(cmd= move_attention, color= , screen_pos= _visuallocation(color= None, screen_x= 840, screen_y= 525, value= None), value= center_bias) [0.1589]', '_visual(cmd= move_attention, color= , screen_pos= _visuallocation(color= None, screen_x= 914, screen_y= 694, value= None), value= suitcase) [0.5047]', '_visual(cmd= move_attention, color= , screen_pos= _visuallocation(color= None, screen_x= 914, screen_y= 694, value= None), value= suitcase) [0.5047]']","[[840, 525, 0.1089], [840, 525, 0.1589], [914, 694, 0.5047], [914, 694, 0.5047]]"
000000279850.jpg,"[['center_bias', 99, 840, 525, 1000, 0.3], ['bus', 99.6657371520996, 789, 633, 1154304, 3.143263867192574], ['car', 94.39496994018556, 133, 812, 26386, 3.0943115785765003], ['motorbike', 83.03920030593872, 1563, 974, 27811, 2.979821404595705]]","['_visual(cmd= , color= , screen_pos= _visuallocation(color= , screen_x= 840, screen_y= 525, value= ), value= center_bias) [0.1103]', '_visual(cmd= move_attention, color= , screen_pos= _visuallocation(color= None, screen_x= 840, screen_y= 525, value= None), value= center_bias) [0.1603]', '_visual(cmd= move_attention, color= , screen_pos= _visuallocation(color= None, screen_x= 789, screen_y= 633, value= None), value= bus) [0.604]', '_visuallocation(color= None, screen_x= 133, screen_y= 812, value= None) [0.654]']","[[840, 525, 0.1103], [840, 525, 0.1603], [789, 633, 0.604], [133, 812, 0.654]]"
000000293785.jpg,"[['center_bias', 99, 840, 525, 1000, 0.3], ['truck', 98.88513088226318, 533, 889, 261855, 3.1361866060672536], ['car', 79.80847954750061, 1313, 1048, 64935, 2.9451251952759336], ['car', 93.95776987075806, 1316, 1017, 48276, 3.0901289998710584]]","['_visual(cmd= , color= , screen_pos= _visuallocation(color= , screen_x= 840, screen_y= 525, value= ), value= center_bias) [0.112]', '_visual(cmd= move_attention, color= , screen_pos= _visuallocation(color= None, screen_x= 840, screen_y= 525, value= None), value= center_bias) [0.162]', '_visual(cmd= move_attention, color= , screen_pos= _visuallocation(color= None, screen_x= 533, screen_y= 889, value= None), value= truck) [0.6167]', '_visuallocation(color= None, screen_x= 1316, screen_y= 1017, value= None) [0.6667]']","[[840, 525, 0.112], [840, 525, 0.162], [533, 889, 0.6167], [1316, 1017, 0.6667]]"
000000294849.jpg,"[['center_bias', 99, 840, 525, 1000, 0.3], ['bus', 99.8816430568695, 937, 525, 500152, 3.145210688282518], ['car', 99.39826130867004, 1410, 722, 26852, 3.140845631323519]]","['_visual(cmd= , color= , screen_pos= _visuallocation(color= , screen_x= 840, screen_y= 525, value= ), value= center_bias) [0.1134]', '_visual(cmd= move_attention, color= , screen_pos= _visuallocation(color= None, screen_x= 840, screen_y= 525, value= None), value= center_bias) [0.1634]', '_visual(cmd= move_attention, color= , screen_pos= _visuallocation(color= None, screen_x= 937, screen_y= 525, value= None), value= bus) [0.5495]', '_visuallocation(color= None, screen_x= 1410, screen_y= 722, value= None) [0.5995]']","[[840, 525, 0.1134], [840, 525, 0.1634], [937, 525, 0.5495], [1410, 722, 0.5995]]"
000000297681.jpg,"[['center_bias', 99, 840, 525, 1000, 0.3], ['car', 99.80508685112, 1207, 779, 37084, 3.1445209108586236]]","['_visual(cmd= , color= , screen_pos= _visuallocation(color= , screen_x= 840, screen_y= 525, value= ), value= center_bias) [0.111]', '_visual(cmd= move_attention, color= , screen_pos= _visuallocation(color= None, screen_x= 840, screen_y= 525, value= None), value= center_bias) [0.161]', '_visuallocation(color= None, screen_x= 1207, screen_y= 779, value= None) [0.211]']","[[840, 525, 0.111], [840, 525, 0.161], [1207, 779, 0.211]]"
000000299111.jpg,"[['center_bias', 99, 840, 525, 1000, 0.3], ['aeroplane', 97.22174406051636, 847, 641, 716376, 3.1209048261918153], ['car', 84.98585224151611, 151, 894, 90890, 3.00028963259425]]","['_visual(cmd= , color= , screen_pos= _visuallocation(color= , screen_x= 840, screen_y= 525, value= ), value= center_bias) [0.1181]', '_visual(cmd= move_attention, color= , screen_pos= _visuallocation(color= None, screen_x= 840, screen_y= 525, value= None), value= center_bias) [0.1681]', '_visual(cmd= move_attention, color= , screen_pos= _visuallocation(color= None, screen_x= 847, screen_y= 641, value= None), value= aeroplane) [0.4535]', '_visuallocation(color= None, screen_x= 151, screen_y= 894, value= None) [0.5035]']","[[840, 525, 0.1181], [840, 525, 0.1681], [847, 641, 0.4535], [151, 894, 0.5035]]"
000000301421.jpg,"[['center_bias', 99, 840, 525, 1000, 0.3], ['chair', 96.96754217147829, 302, 872, 216409, 3.1185454175510223], ['car', 94.81910467147829, 874, 322, 31524, 3.098351427950884], ['keyboard', 99.56861734390259, 520, 667, 44092, 3.1423866317471187], ['chair', 82.52631425857544, 1534, 785, 118002, 2.974373133854199], ['mouse', 99.32039976119995, 936, 789, 12257, 3.140140320764184], ['cell phone', 67.01318621635437, 623, 614, 7038, 2.799691160264333], ['cell phone', 71.78611755371094, 939, 636, 8448, 2.855321464055122]]","['_visual(cmd= , color= , screen_pos= _visuallocation(color= , screen_x= 840, screen_y= 525, value= ), value= center_bias) [0.1223]', '_visual(cmd= move_attention, color= , screen_pos= _visuallocation(color= None, screen_x= 840, screen_y= 525, value= None), value= center_bias) [0.1723]', '_visual(cmd= move_attention, color= , screen_pos= _visuallocation(color= None, screen_x= 939, screen_y= 636, value= None), value= cell phone) [0.5267]', '_visual(cmd= move_attention, color= , screen_pos= _visuallocation(color= None, screen_x= 936, screen_y= 789, value= None), value= mouse) [0.9325]', '_visual(cmd= move_attention, color= , screen_pos= _visuallocation(color= None, screen_x= 623, screen_y= 614, value= None), value= cell phone) [1.4554]', '_visual(cmd= move_attention, color= , screen_pos= _visuallocation(color= None, screen_x= 520, screen_y= 667, value= None), value= keyboard) [1.7446]', '_visual(cmd= move_attention, color= , screen_pos= _visuallocation(color= None, screen_x= 302, screen_y= 872, value= None), value= chair) [2.1733]', '_visuallocation(color= None, screen_x= 874, screen_y= 322, value= None) [2.2233]']","[[840, 525, 0.1223], [840, 525, 0.1723], [939, 636, 0.5267], [936, 789, 0.9325], [623, 614, 1.4554], [520, 667, 1.7446], [302, 872, 2.1733], [874, 322, 2.2233]]"
000000310473.jpg,"[['center_bias', 99, 840, 525, 1000, 0.3], ['bus', 99.89065527915956, 448, 688, 488906, 3.1452918508650756], ['car', 98.81139993667604, 1241, 895, 136458, 3.135515016324059], ['bus', 82.43781924247743, 921, 691, 107800, 2.973430757241283], ['bus', 65.86170196533203, 1396, 682, 5280, 2.7859919615030413]]","['_visual(cmd= , color= , screen_pos= _visuallocation(color= , screen_x= 840, screen_y= 525, value= ), value= center_bias) [0.1193]', '_visual(cmd= move_attention, color= , screen_pos= _visuallocation(color= None, screen_x= 840, screen_y= 525, value= None), value= center_bias) [0.1693]', '_visual(cmd= move_attention, color= , screen_pos= _visuallocation(color= None, screen_x= 921, screen_y= 691, value= None), value= bus) [0.4942]', '_visuallocation(color= None, screen_x= 1241, screen_y= 895, value= None) [0.5442]']","[[840, 525, 0.1193], [840, 525, 0.1693], [921, 691, 0.4942], [1241, 895, 0.5442]]"
000000314893.jpg,"[['center_bias', 99, 840, 525, 1000, 0.3], ['bicycle', 98.02388548851013, 912, 706, 1227564, 3.128308299919179], ['bottle', 60.5809211730957, 1132, 405, 17139, 2.722604665347484], ['car', 77.53530740737916, 324, 453, 19170, 2.9201892353759327], ['book', 62.667715549468994, 275, 635, 3200, 2.746045488651174], ['book', 74.35847520828247, 401, 635, 3844, 2.8840419157870953], ['book', 72.11357355117799, 272, 653, 2882, 2.855868522030879], ['book', 60.8508825302124, 402, 655, 3432, 2.7246735560721054], ['book', 65.24434089660646, 271, 674, 2660, 2.7738294762759406]]","['_visual(cmd= , color= , screen_pos= _visuallocation(color= , screen_x= 840, screen_y= 525, value= ), value= center_bias) [0.1103]', '_visual(cmd= move_attention, color= , screen_pos= _visuallocation(color= None, screen_x= 840, screen_y= 525, value= None), value= center_bias) [0.1603]', '_visual(cmd= move_attention, color= , screen_pos= _visuallocation(color= None, screen_x= 912, screen_y= 706, value= None), value= bicycle) [0.5219]', '_visual(cmd= move_attention, color= , screen_pos= _visuallocation(color= None, screen_x= 1132, screen_y= 405, value= None), value= bottle) [0.9134]', '_visual(cmd= move_attention, color= , screen_pos= _visuallocation(color= None, screen_x= 401, screen_y= 635, value= None), value= book) [1.6033]', '_visual(cmd= move_attention, color= , screen_pos= _visuallocation(color= None, screen_x= 402, screen_y= 655, value= None), value= book) [1.8649]', '_visual(cmd= move_attention, color= , screen_pos= _visuallocation(color= None, screen_x= 275, screen_y= 635, value= None), value= book) [2.2556]', '_visual(cmd= move_attention, color= , screen_pos= _visuallocation(color= None, screen_x= 272, screen_y= 653, value= None), value= book) [2.492]', '_visual(cmd= move_attention, color= , screen_pos= _visuallocation(color= None, screen_x= 271, screen_y= 674, value= None), value= book) [2.7583]', '_visuallocation(color= None, screen_x= 324, screen_y= 453, value= None) [2.8083]']","[[840, 525, 0.1103], [840, 525, 0.1603], [912, 706, 0.5219], [1132, 405, 0.9134], [401, 635, 1.6033], [402, 655, 1.8649], [275, 635, 2.2556], [272, 653, 2.492], [271, 674, 2.7583], [324, 453, 2.8083]]"
000000319449.jpg,"[['center_bias', 99, 840, 525, 1000, 0.3], ['chair', 75.29431581497192, 342, 693, 235914, 2.8952020254827233], ['sofa', 79.16644811630248, 342, 762, 312285, 2.9381251856719204], ['clock', 87.90321350097656, 957, 171, 12810, 3.0303263180114572], ['car', 93.29545497894287, 215, 391, 36300, 3.08375755092156], ['tvmonitor', 99.8649835586548, 891, 432, 38880, 3.145060634385643]]","['_visual(cmd= , color= , screen_pos= _visuallocation(color= , screen_x= 840, screen_y= 525, value= ), value= center_bias) [0.1167]', '_visual(cmd= move_attention, color= , screen_pos= _visuallocation(color= None, screen_x= 840, screen_y= 525, value= None), value= center_bias) [0.1667]', '_visual(cmd= move_attention, color= , screen_pos= _visuallocation(color= None, screen_x= 891, screen_y= 432, value= None), value= tvmonitor) [0.4595]', '_visual(cmd= move_attention, color= , screen_pos= _visuallocation(color= None, screen_x= 957, screen_y= 171, value= None), value= clock) [0.9597]', '_visuallocation(color= None, screen_x= 215, screen_y= 391, value= None) [1.0097]']","[[840, 525, 0.1167], [840, 525, 0.1667], [891, 432, 0.4595], [957, 171, 0.9597], [215, 391, 1.0097]]"
000000327383.jpg,"[['center_bias', 99, 840, 525, 1000, 0.3], ['bus', 71.80159687995909, 583, 318, 527710, 2.855500918847813], ['truck', 80.99045157432556, 871, 484, 1056252, 2.957922120538254], ['car', 89.16970491409302, 1450, 454, 39032, 3.0431222706562067]]","['_visual(cmd= , color= , screen_pos= _visuallocation(color= , screen_x= 840, screen_y= 525, value= ), value= center_bias) [0.1067]', '_visual(cmd= move_attention, color= , screen_pos= _visuallocation(color= None, screen_x= 840, screen_y= 525, value= None), value= center_bias) [0.1567]', '_visual(cmd= move_attention, color= , screen_pos= _visuallocation(color= None, screen_x= 871, screen_y= 484, value= None), value= truck) [0.3369]', '_visual(cmd= move_attention, color= , screen_pos= _visuallocation(color= None, screen_x= 583, screen_y= 318, value= None), value= bus) [0.7337]', '_visuallocation(color= None, screen_x= 1450, screen_y= 454, value= None) [0.7837]']","[[840, 525, 0.1067], [840, 525, 0.1567], [871, 484, 0.3369], [583, 318, 0.7337], [1450, 454, 0.7837]]"
000000335473.jpg,"[['center_bias', 99, 840, 525, 1000, 0.3], ['car', 81.52436614036559, 449, 140, 164488, 2.9636639488822305], ['microwave', 96.95909023284912, 726, 760, 334422, 3.1184668606331964]]","['_visual(cmd= , color= , screen_pos= _visuallocation(color= , screen_x= 840, screen_y= 525, value= ), value= center_bias) [0.1165]', '_visual(cmd= move_attention, color= , screen_pos= _visuallocation(color= None, screen_x= 840, screen_y= 525, value= None), value= center_bias) [0.1665]', '_visual(cmd= move_attention, color= , screen_pos= _visuallocation(color= None, screen_x= 726, screen_y= 760, value= None), value= microwave) [0.5557]', '_visuallocation(color= None, screen_x= 449, screen_y= 140, value= None) [0.6057]']","[[840, 525, 0.1165], [840, 525, 0.1665], [726, 760, 0.5557], [449, 140, 0.6057]]"
000000339453.jpg,"[['center_bias', 99, 840, 525, 1000, 0.3], ['car', 96.1090922355652, 275, 151, 108531, 3.1105307014870704], ['truck', 99.32953119277954, 820, 621, 716875, 3.1402231008251174]]","['_visual(cmd= , color= , screen_pos= _visuallocation(color= , screen_x= 840, screen_y= 525, value= ), value= center_bias) [0.122]', '_visual(cmd= move_attention, color= , screen_pos= _visuallocation(color= None, screen_x= 840, screen_y= 525, value= None), value= center_bias) [0.172]', '_visual(cmd= move_attention, color= , screen_pos= _visuallocation(color= None, screen_x= 820, screen_y= 621, value= None), value= truck) [0.4585]', '_visuallocation(color= None, screen_x= 275, screen_y= 151, value= None) [0.5085]']","[[840, 525, 0.122], [840, 525, 0.172], [820, 621, 0.4585], [275, 151, 0.5085]]"
000000340445.jpg,"[['center_bias', 99, 840, 525, 1000, 0.3], ['truck', 99.83763694763184, 463, 687, 348624, 3.1448142608242686], ['truck', 69.3829119205475, 1147, 777, 51302, 2.8275021598994514]]","['_visual(cmd= , color= , screen_pos= _visuallocation(color= , screen_x= 840, screen_y= 525, value= ), value= center_bias) [0.1141]', '_visual(cmd= move_attention, color= , screen_pos= _visuallocation(color= None, screen_x= 840, screen_y= 525, value= None), value= center_bias) [0.1641]', '_visual(cmd= move_attention, color= , screen_pos= _visuallocation(color= None, screen_x= 1147, screen_y= 777, value= None), value= truck) [0.515]', '_visual(cmd= move_attention, color= , screen_pos= _visuallocation(color= None, screen_x= 463, screen_y= 687, value= None), value= truck) [0.967]', '_visual(cmd= move_attention, color= , screen_pos= _visuallocation(color= None, screen_x= 463, screen_y= 687, value= None), value= truck) [0.967]']","[[840, 525, 0.1141], [840, 525, 0.1641], [1147, 777, 0.515], [463, 687, 0.967], [463, 687, 0.967]]"
000000343225.jpg,"[['center_bias', 99, 840, 525, 1000, 0.3], ['book', 85.78852415084839, 906, 476, 32120, 3.0086309651552843], ['book', 60.37499308586121, 243, 531, 38363, 2.7201019468168623], ['mouse', 99.8550295829773, 335, 671, 30780, 3.144970964714097]]","['_visual(cmd= , color= , screen_pos= _visuallocation(color= , screen_x= 840, screen_y= 525, value= ), value= center_bias) [0.1216]', '_visual(cmd= move_attention, color= , screen_pos= _visuallocation(color= None, screen_x= 840, screen_y= 525, value= None), value= center_bias) [0.1716]', '_visual(cmd= move_attention, color= , screen_pos= _visuallocation(color= None, screen_x= 906, screen_y= 476, value= None), value= book) [0.4728]', '_visual(cmd= move_attention, color= , screen_pos= _visuallocation(color= None, screen_x= 335, screen_y= 671, value= None), value= mouse) [0.8673]', '_visual(cmd= move_attention, color= , screen_pos= _visuallocation(color= None, screen_x= 243, screen_y= 531, value= None), value= book) [1.154]', '_visual(cmd= move_attention, color= , screen_pos= _visuallocation(color= None, screen_x= 243, screen_y= 531, value= None), value= book) [1.154]']","[[840, 525, 0.1216], [840, 525, 0.1716], [906, 476, 0.4728], [335, 671, 0.8673], [243, 531, 1.154], [243, 531, 1.154]]"
000000343256.jpg,"[['center_bias', 99, 840, 525, 1000, 0.3], ['bench', 99.03392195701599, 858, 631, 602565, 3.1375402546752142], ['car', 96.94291949272156, 1343, 382, 30256, 3.1183165414074048]]","['_visual(cmd= , color= , screen_pos= _visuallocation(color= , screen_x= 840, screen_y= 525, value= ), value= center_bias) [0.1169]', '_visual(cmd= move_attention, color= , screen_pos= _visuallocation(color= None, screen_x= 840, screen_y= 525, value= None), value= center_bias) [0.1669]', '_visual(cmd= move_attention, color= , screen_pos= _visuallocation(color= None, screen_x= 858, screen_y= 631, value= None), value= bench) [0.5651]', '_visuallocation(color= None, screen_x= 1343, screen_y= 382, value= None) [0.6151]']","[[840, 525, 0.1169], [840, 525, 0.1669], [858, 631, 0.5651], [1343, 382, 0.6151]]"
000000344669.jpg,"[['center_bias', 99, 840, 525, 1000, 0.3], ['truck', 99.68212246894836, 972, 579, 320892, 3.1434117755066517], ['truck', 96.08057737350464, 1431, 526, 53770, 3.110263239308944], ['car', 83.86159539222717, 244, 559, 29526, 2.9885094523300193]]","['_visual(cmd= , color= , screen_pos= _visuallocation(color= , screen_x= 840, screen_y= 525, value= ), value= center_bias) [0.1125]', '_visual(cmd= move_attention, color= , screen_pos= _visuallocation(color= None, screen_x= 840, screen_y= 525, value= None), value= center_bias) [0.1625]', '_visual(cmd= move_attention, color= , screen_pos= _visuallocation(color= None, screen_x= 972, screen_y= 579, value= None), value= truck) [0.4797]', '_visual(cmd= move_attention, color= , screen_pos= _visuallocation(color= None, screen_x= 1431, screen_y= 526, value= None), value= truck) [0.9331]', '_visuallocation(color= None, screen_x= 244, screen_y= 559, value= None) [0.9831]']","[[840, 525, 0.1125], [840, 525, 0.1625], [972, 579, 0.4797], [1431, 526, 0.9331], [244, 559, 0.9831]]"
000000348071.jpg,"[['center_bias', 99, 840, 525, 1000, 0.3], ['stop sign', 99.94378089904785, 326, 371, 181307, 3.1457701276605587], ['truck', 97.62482047080994, 405, 960, 128247, 3.124632999052262], ['truck', 91.71914458274841, 973, 959, 147066, 3.0684235752483864], ['car', 97.063148021698, 1420, 954, 45140, 3.1194335414200767]]","['_visual(cmd= , color= , screen_pos= _visuallocation(color= , screen_x= 840, screen_y= 525, value= ), value= center_bias) [0.111]', '_visual(cmd= move_attention, color= , screen_pos= _visuallocation(color= None, screen_x= 840, screen_y= 525, value= None), value= center_bias) [0.161]', '_visual(cmd= move_attention, color= , screen_pos= _visuallocation(color= None, screen_x= 973, screen_y= 959, value= None), value= truck) [0.5159]', '_visuallocation(color= None, screen_x= 1420, screen_y= 954, value= None) [0.5659]']","[[840, 525, 0.111], [840, 525, 0.161], [973, 959, 0.5159], [1420, 954, 0.5659]]"
000000349841.jpg,"[['center_bias', 99, 840, 525, 1000, 0.3], ['bus', 99.9853014945984, 859, 815, 480951, 3.146143732351369], ['car', 99.14983510971071, 1467, 863, 20020, 3.1385932730886803]]","['_visual(cmd= , color= , screen_pos= _visuallocation(color= , screen_x= 840, screen_y= 525, value= ), value= center_bias) [0.1114]', '_visual(cmd= move_attention, color= , screen_pos= _visuallocation(color= None, screen_x= 840, screen_y= 525, value= None), value= center_bias) [0.1614]', '_visual(cmd= move_attention, color= , screen_pos= _visuallocation(color= None, screen_x= 859, screen_y= 815, value= None), value= bus) [0.6129]', '_visuallocation(color= None, screen_x= 1467, screen_y= 863, value= None) [0.6629]']","[[840, 525, 0.1114], [840, 525, 0.1614], [859, 815, 0.6129], [1467, 863, 0.6629]]"
000000350860.jpg,"[['center_bias', 99, 840, 525, 1000, 0.3], ['car', 85.49453616142274, 259, 746, 25842, 3.0055825905595825]]","['_visual(cmd= , color= , screen_pos= _visuallocation(color= , screen_x= 840, screen_y= 525, value= ), value= center_bias) [0.1116]', '_visual(cmd= move_attention, color= , screen_pos= _visuallocation(color= None, screen_x= 840, screen_y= 525, value= None), value= center_bias) [0.1616]', '_visuallocation(color= None, screen_x= 259, screen_y= 746, value= None) [0.2116]']","[[840, 525, 0.1116], [840, 525, 0.1616], [259, 746, 0.2116]]"
000000364491.jpg,"[['center_bias', 99, 840, 525, 1000, 0.3], ['boat', 84.83751416206358, 843, 400, 671646, 2.998741771459114], ['train', 99.80297088623048, 818, 891, 323949, 3.144501837593056], ['car', 96.71223163604736, 307, 989, 44125, 3.1161693264095813], ['car', 79.07554507255556, 1490, 936, 7480, 2.937126762647124]]","['_visual(cmd= , color= , screen_pos= _visuallocation(color= , screen_x= 840, screen_y= 525, value= ), value= center_bias) [0.1226]', '_visual(cmd= move_attention, color= , screen_pos= _visuallocation(color= None, screen_x= 840, screen_y= 525, value= None), value= center_bias) [0.1726]', '_visual(cmd= move_attention, color= , screen_pos= _visuallocation(color= None, screen_x= 843, screen_y= 400, value= None), value= boat) [0.537]', '_visual(cmd= move_attention, color= , screen_pos= _visuallocation(color= None, screen_x= 818, screen_y= 891, value= None), value= train) [1.0432]', '_visuallocation(color= None, screen_x= 307, screen_y= 989, value= None) [1.0932]']","[[840, 525, 0.1226], [840, 525, 0.1726], [843, 400, 0.537], [818, 891, 1.0432], [307, 989, 1.0932]]"
000000369049.jpg,"[['center_bias', 99, 840, 525, 1000, 0.3], ['car', 99.21589493751526, 467, 1010, 85470, 3.1391928016997492], ['traffic light', 90.18205404281616, 219, 599, 13650, 3.0532426132796857]]","['_visual(cmd= , color= , screen_pos= _visuallocation(color= , screen_x= 840, screen_y= 525, value= ), value= center_bias) [0.1155]', '_visual(cmd= move_attention, color= , screen_pos= _visuallocation(color= None, screen_x= 840, screen_y= 525, value= None), value= center_bias) [0.1655]', '_visuallocation(color= None, screen_x= 467, screen_y= 1010, value= None) [0.2155]']","[[840, 525, 0.1155], [840, 525, 0.1655], [467, 1010, 0.2155]]"
000000379409.jpg,"[['center_bias', 99, 840, 525, 1000, 0.3], ['car', 96.0215151309967, 361, 422, 151965, 3.1097089972213063], ['truck', 99.87382292747498, 813, 567, 879240, 3.1451402549623455]]","['_visual(cmd= , color= , screen_pos= _visuallocation(color= , screen_x= 840, screen_y= 525, value= ), value= center_bias) [0.1198]', '_visual(cmd= move_attention, color= , screen_pos= _visuallocation(color= None, screen_x= 840, screen_y= 525, value= None), value= center_bias) [0.1698]', '_visual(cmd= move_attention, color= , screen_pos= _visuallocation(color= None, screen_x= 813, screen_y= 567, value= None), value= truck) [0.5453]', '_visuallocation(color= None, screen_x= 361, screen_y= 422, value= None) [0.5953]']","[[840, 525, 0.1198], [840, 525, 0.1698], [813, 567, 0.5453], [361, 422, 0.5953]]"
000000388820.jpg,"[['center_bias', 99, 840, 525, 1000, 0.3], ['truck', 99.93677139282228, 886, 574, 672263, 3.1457070388474295], ['car', 93.78563165664671, 238, 600, 60722, 3.088477115767856]]","['_visual(cmd= , color= , screen_pos= _visuallocation(color= , screen_x= 840, screen_y= 525, value= ), value= center_bias) [0.1197]', '_visual(cmd= move_attention, color= , screen_pos= _visuallocation(color= None, screen_x= 840, screen_y= 525, value= None), value= center_bias) [0.1697]', '_visual(cmd= move_attention, color= , screen_pos= _visuallocation(color= None, screen_x= 886, screen_y= 574, value= None), value= truck) [0.5009]', '_visuallocation(color= None, screen_x= 238, screen_y= 600, value= None) [0.5509]']","[[840, 525, 0.1197], [840, 525, 0.1697], [886, 574, 0.5009], [238, 600, 0.5509]]"
000000390565.jpg,"[['center_bias', 99, 840, 525, 1000, 0.3], ['car', 64.40652012825011, 604, 318, 84640, 2.7687244277727614], ['motorbike', 99.78492856025696, 945, 658, 983799, 3.144339186388325]]","['_visual(cmd= , color= , screen_pos= _visuallocation(color= , screen_x= 840, screen_y= 525, value= ), value= center_bias) [0.1137]', '_visual(cmd= move_attention, color= , screen_pos= _visuallocation(color= None, screen_x= 840, screen_y= 525, value= None), value= center_bias) [0.1637]', '_visual(cmd= move_attention, color= , screen_pos= _visuallocation(color= None, screen_x= 945, screen_y= 658, value= None), value= motorbike) [0.7456]', '_visuallocation(color= None, screen_x= 604, screen_y= 318, value= None) [0.7956]']","[[840, 525, 0.1137], [840, 525, 0.1637], [945, 658, 0.7456], [604, 318, 0.7956]]"
000000397378.jpg,"[['center_bias', 99, 840, 525, 1000, 0.3], ['bus', 99.52512383461, 692, 724, 178782, 3.1419934731568837], ['car', 98.90087842941284, 1134, 993, 165490, 3.1363299753416882]]","['_visual(cmd= , color= , screen_pos= _visuallocation(color= , screen_x= 840, screen_y= 525, value= ), value= center_bias) [0.108]', '_visual(cmd= move_attention, color= , screen_pos= _visuallocation(color= None, screen_x= 840, screen_y= 525, value= None), value= center_bias) [0.158]', '_visual(cmd= move_attention, color= , screen_pos= _visuallocation(color= None, screen_x= 692, screen_y= 724, value= None), value= bus) [0.5773]', '_visuallocation(color= None, screen_x= 1134, screen_y= 993, value= None) [0.6273]']","[[840, 525, 0.108], [840, 525, 0.158], [692, 724, 0.5773], [1134, 993, 0.6273]]"
000000399235.jpg,"[['center_bias', 99, 840, 525, 1000, 0.3], ['truck', 99.48890805244446, 1101, 477, 786000, 3.141665958360952], ['car', 98.32533597946168, 181, 355, 57672, 3.131074176118715]]","['_visual(cmd= , color= , screen_pos= _visuallocation(color= , screen_x= 840, screen_y= 525, value= ), value= center_bias) [0.1223]', '_visual(cmd= move_attention, color= , screen_pos= _visuallocation(color= None, screen_x= 840, screen_y= 525, value= None), value= center_bias) [0.1723]', '_visual(cmd= move_attention, color= , screen_pos= _visuallocation(color= None, screen_x= 1101, screen_y= 477, value= None), value= truck) [0.5944]', '_visuallocation(color= None, screen_x= 181, screen_y= 355, value= None) [0.6444]']","[[840, 525, 0.1223], [840, 525, 0.1723], [1101, 477, 0.5944], [181, 355, 0.6444]]"
000000402425.jpg,"[['center_bias', 99, 840, 525, 1000, 0.3], ['parking meter', 99.95557069778442, 423, 588, 503982, 3.145876230332418], ['parking meter', 99.3434190750122, 780, 618, 279792, 3.1403489295555937], ['truck', 91.6576623916626, 1215, 637, 346560, 3.067820666357889], ['car', 63.376247882843025, 1556, 549, 16800, 2.756377233490681]]","['_visual(cmd= , color= , screen_pos= _visuallocation(color= , screen_x= 840, screen_y= 525, value= ), value= center_bias) [0.1158]', '_visual(cmd= move_attention, color= , screen_pos= _visuallocation(color= None, screen_x= 840, screen_y= 525, value= None), value= center_bias) [0.1658]', '_visual(cmd= move_attention, color= , screen_pos= _visuallocation(color= None, screen_x= 780, screen_y= 618, value= None), value= parking meter) [0.5631]', '_visual(cmd= move_attention, color= , screen_pos= _visuallocation(color= None, screen_x= 423, screen_y= 588, value= None), value= parking meter) [1.0893]', '_visual(cmd= move_attention, color= , screen_pos= _visuallocation(color= None, screen_x= 1215, screen_y= 637, value= None), value= truck) [1.5984]', '_visuallocation(color= None, screen_x= 1556, screen_y= 549, value= None) [1.6484]']","[[840, 525, 0.1158], [840, 525, 0.1658], [780, 618, 0.5631], [423, 588, 1.0893], [1215, 637, 1.5984], [1556, 549, 1.6484]]"
000000406340.jpg,"[['center_bias', 99, 840, 525, 1000, 0.3], ['sink', 96.47390246391295, 1210, 843, 251320, 3.113945499661473], ['car', 93.77014040946959, 404, 226, 33418, 3.0883283169543563], ['laptop', 98.7480103969574, 583, 486, 51548, 3.1349371929967647], ['backpack', 88.1479263305664, 923, 471, 116022, 3.0328104028977174]]","['_visual(cmd= , color= , screen_pos= _visuallocation(color= , screen_x= 840, screen_y= 525, value= ), value= center_bias) [0.1096]', '_visual(cmd= move_attention, color= , screen_pos= _visuallocation(color= None, screen_x= 840, screen_y= 525, value= None), value= center_bias) [0.1596]', '_visual(cmd= move_attention, color= , screen_pos= _visuallocation(color= None, screen_x= 923, screen_y= 471, value= None), value= backpack) [0.4708]', '_visual(cmd= move_attention, color= , screen_pos= _visuallocation(color= None, screen_x= 583, screen_y= 486, value= None), value= laptop) [0.8771]', '_visuallocation(color= None, screen_x= 404, screen_y= 226, value= None) [0.9271]']","[[840, 525, 0.1096], [840, 525, 0.1596], [923, 471, 0.4708], [583, 486, 0.8771], [404, 226, 0.9271]]"
000000411093.jpg,"[['center_bias', 99, 840, 525, 1000, 0.3], ['boat', 94.5220112800598, 927, 812, 626600, 3.0955234714963167]]","['_visual(cmd= , color= , screen_pos= _visuallocation(color= , screen_x= 840, screen_y= 525, value= ), value= center_bias) [0.1144]', '_visual(cmd= move_attention, color= , screen_pos= _visuallocation(color= None, screen_x= 840, screen_y= 525, value= None), value= center_bias) [0.1644]', '_visual(cmd= move_attention, color= , screen_pos= _visuallocation(color= None, screen_x= 927, screen_y= 812, value= None), value= boat) [0.7212]', '_visual(cmd= move_attention, color= , screen_pos= _visuallocation(color= None, screen_x= 927, screen_y= 812, value= None), value= boat) [0.7212]']","[[840, 525, 0.1144], [840, 525, 0.1644], [927, 812, 0.7212], [927, 812, 0.7212]]"
000000411104.jpg,"[['center_bias', 99, 840, 525, 1000, 0.3], ['parking meter', 85.04917025566102, 531, 610, 284310, 3.0009497357677213], ['parking meter', 91.50599837303162, 986, 635, 301490, 3.0663318706240608], ['car', 98.82959723472595, 226, 415, 22491, 3.1356808192028263]]","['_visual(cmd= , color= , screen_pos= _visuallocation(color= , screen_x= 840, screen_y= 525, value= ), value= center_bias) [0.1105]', '_visual(cmd= move_attention, color= , screen_pos= _visuallocation(color= None, screen_x= 840, screen_y= 525, value= None), value= center_bias) [0.1605]', '_visual(cmd= move_attention, color= , screen_pos= _visuallocation(color= None, screen_x= 986, screen_y= 635, value= None), value= parking meter) [0.5923]', '_visual(cmd= move_attention, color= , screen_pos= _visuallocation(color= None, screen_x= 531, screen_y= 610, value= None), value= parking meter) [1.1122]', '_visuallocation(color= None, screen_x= 226, screen_y= 415, value= None) [1.1622]']","[[840, 525, 0.1105], [840, 525, 0.1605], [986, 635, 0.5923], [531, 610, 1.1122], [226, 415, 1.1622]]"
000000418624.jpg,"[['center_bias', 99, 840, 525, 1000, 0.3], ['bus', 98.58675003051758, 1088, 684, 183380, 3.133465443203871], ['car', 65.7617449760437, 1296, 350, 24332, 2.784877158453813]]","['_visual(cmd= , color= , screen_pos= _visuallocation(color= , screen_x= 840, screen_y= 525, value= ), value= center_bias) [0.1125]', '_visual(cmd= move_attention, color= , screen_pos= _visuallocation(color= None, screen_x= 840, screen_y= 525, value= None), value= center_bias) [0.1625]', '_visual(cmd= move_attention, color= , screen_pos= _visuallocation(color= None, screen_x= 1088, screen_y= 684, value= None), value= bus) [0.6786]', '_visuallocation(color= None, screen_x= 1296, screen_y= 350, value= None) [0.7286]']","[[840, 525, 0.1125], [840, 525, 0.1625], [1088, 684, 0.6786], [1296, 350, 0.7286]]"
000000420287.jpg,"[['center_bias', 99, 840, 525, 1000, 0.3], ['chair', 99.89358186721802, 1333, 798, 255918, 3.145318205499759], ['tvmonitor', 98.8240122795105, 1125, 410, 28224, 3.13562993592967], ['tvmonitor', 99.29584860801695, 975, 440, 38955, 3.1399178462909254], ['car', 88.95854353904724, 1434, 469, 25544, 3.040999194103305], ['keyboard', 92.86969304084778, 1102, 581, 9656, 3.0796389404147453], ['book', 61.316007375717156, 524, 696, 2828, 2.727967342871167]]","['_visual(cmd= , color= , screen_pos= _visuallocation(color= , screen_x= 840, screen_y= 525, value= ), value= center_bias) [0.1101]', '_visual(cmd= move_attention, color= , screen_pos= _visuallocation(color= None, screen_x= 840, screen_y= 525, value= None), value= center_bias) [0.1601]', '_visual(cmd= move_attention, color= , screen_pos= _visuallocation(color= None, screen_x= 975, screen_y= 440, value= None), value= tvmonitor) [0.4605]', '_visual(cmd= move_attention, color= , screen_pos= _visuallocation(color= None, screen_x= 1125, screen_y= 410, value= None), value= tvmonitor) [0.8928]', '_visual(cmd= move_attention, color= , screen_pos= _visuallocation(color= None, screen_x= 1102, screen_y= 581, value= None), value= keyboard) [1.2191]', '_visual(cmd= move_attention, color= , screen_pos= _visuallocation(color= None, screen_x= 1333, screen_y= 798, value= None), value= chair) [1.6513]', '_visuallocation(color= None, screen_x= 1434, screen_y= 469, value= None) [1.7013]']","[[840, 525, 0.1101], [840, 525, 0.1601], [975, 440, 0.4605], [1125, 410, 0.8928], [1102, 581, 1.2191], [1333, 798, 1.6513], [1434, 469, 1.7013]]"
000000426519.jpg,"[['center_bias', 99, 840, 525, 1000, 0.3], ['stop sign', 99.98703002929688, 747, 314, 355215, 3.146159282096521], ['car', 98.18947315216064, 1339, 982, 44055, 3.1298287144798587]]","['_visual(cmd= , color= , screen_pos= _visuallocation(color= , screen_x= 840, screen_y= 525, value= ), value= center_bias) [0.1095]', '_visual(cmd= move_attention, color= , screen_pos= _visuallocation(color= None, screen_x= 840, screen_y= 525, value= None), value= center_bias) [0.1595]', '_visual(cmd= move_attention, color= , screen_pos= _visuallocation(color= None, screen_x= 747, screen_y= 314, value= None), value= stop sign) [0.5676]', '_visuallocation(color= None, screen_x= 1339, screen_y= 982, value= None) [0.6176]']","[[840, 525, 0.1095], [840, 525, 0.1595], [747, 314, 0.5676], [1339, 982, 0.6176]]"
000000436162.jpg,"[['center_bias', 99, 840, 525, 1000, 0.3], ['bus', 98.99567365646362, 874, 509, 1147308, 3.1371924943606215], ['car', 89.03201818466188, 105, 515, 18088, 3.0417384016914677]]","['_visual(cmd= , color= , screen_pos= _visuallocation(color= , screen_x= 840, screen_y= 525, value= ), value= center_bias) [0.1165]', '_visual(cmd= move_attention, color= , screen_pos= _visuallocation(color= None, screen_x= 840, screen_y= 525, value= None), value= center_bias) [0.1665]', '_visual(cmd= move_attention, color= , screen_pos= _visuallocation(color= None, screen_x= 874, screen_y= 509, value= None), value= bus) [0.3824]', '_visuallocation(color= None, screen_x= 105, screen_y= 515, value= None) [0.4324]']","[[840, 525, 0.1165], [840, 525, 0.1665], [874, 509, 0.3824], [105, 515, 0.4324]]"
000000436694.jpg,"[['center_bias', 99, 840, 525, 1000, 0.3], ['car', 99.88347887992859, 1251, 955, 95535, 3.1452272220546575], ['traffic light', 90.40509462356569, 686, 565, 31926, 3.055459362252331], ['traffic light', 98.10992479324341, 1096, 652, 20619, 3.1290986446007225]]","['_visual(cmd= , color= , screen_pos= _visuallocation(color= , screen_x= 840, screen_y= 525, value= ), value= center_bias) [0.1205]', '_visual(cmd= move_attention, color= , screen_pos= _visuallocation(color= None, screen_x= 840, screen_y= 525, value= None), value= center_bias) [0.1705]', '_visual(cmd= move_attention, color= , screen_pos= _visuallocation(color= None, screen_x= 686, screen_y= 565, value= None), value= traffic light) [0.6307]', '_visual(cmd= move_attention, color= , screen_pos= _visuallocation(color= None, screen_x= 1096, screen_y= 652, value= None), value= traffic light) [0.9938]', '_visuallocation(color= None, screen_x= 1251, screen_y= 955, value= None) [1.0438]']","[[840, 525, 0.1205], [840, 525, 0.1705], [686, 565, 0.6307], [1096, 652, 0.9938], [1251, 955, 1.0438]]"
000000439827.jpg,"[['center_bias', 99, 840, 525, 1000, 0.3], ['car', 92.82699823379515, 110, 767, 46800, 3.079225444984114]]","['_visual(cmd= , color= , screen_pos= _visuallocation(color= , screen_x= 840, screen_y= 525, value= ), value= center_bias) [0.1267]', '_visual(cmd= move_attention, color= , screen_pos= _visuallocation(color= None, screen_x= 840, screen_y= 525, value= None), value= center_bias) [0.1767]', '_visuallocation(color= None, screen_x= 110, screen_y= 767, value= None) [0.2267]']","[[840, 525, 0.1267], [840, 525, 0.1767], [110, 767, 0.2267]]"
000000447726.jpg,"[['center_bias', 99, 840, 525, 1000, 0.3], ['bus', 99.9644935131073, 826, 504, 743750, 3.1459565223265926], ['bicycle', 99.0291178226471, 986, 888, 99202, 3.137496582586767], ['car', 99.91556406021118, 283, 742, 60480, 3.145516133314868], ['backpack', 82.28883743286133, 871, 842, 16768, 2.9718427274027603], ['bicycle', 90.73567390441895, 1235, 839, 52117, 3.0587362426322273]]","['_visual(cmd= , color= , screen_pos= _visuallocation(color= , screen_x= 840, screen_y= 525, value= ), value= center_bias) [0.1231]', '_visual(cmd= move_attention, color= , screen_pos= _visuallocation(color= None, screen_x= 840, screen_y= 525, value= None), value= center_bias) [0.1731]', '_visual(cmd= move_attention, color= , screen_pos= _visuallocation(color= None, screen_x= 826, screen_y= 504, value= None), value= bus) [0.4046]', '_visual(cmd= move_attention, color= , screen_pos= _visuallocation(color= None, screen_x= 871, screen_y= 842, value= None), value= backpack) [0.772]', '_visual(cmd= move_attention, color= , screen_pos= _visuallocation(color= None, screen_x= 986, screen_y= 888, value= None), value= bicycle) [1.1259]', '_visual(cmd= move_attention, color= , screen_pos= _visuallocation(color= None, screen_x= 1235, screen_y= 839, value= None), value= bicycle) [1.6778]', '_visuallocation(color= None, screen_x= 283, screen_y= 742, value= None) [1.7278]']","[[840, 525, 0.1231], [840, 525, 0.1731], [826, 504, 0.4046], [871, 842, 0.772], [986, 888, 1.1259], [1235, 839, 1.6778], [283, 742, 1.7278]]"
000000450777.jpg,"[['center_bias', 99, 840, 525, 1000, 0.3], ['car', 99.594646692276, 1064, 129, 78192, 3.1426218337646055], ['laptop', 99.62832927703856, 728, 529, 386174, 3.1429260909812453], ['mouse', 99.707692861557, 1419, 791, 22192, 3.1436425432079833]]","['_visual(cmd= , color= , screen_pos= _visuallocation(color= , screen_x= 840, screen_y= 525, value= ), value= center_bias) [0.1111]', '_visual(cmd= move_attention, color= , screen_pos= _visuallocation(color= None, screen_x= 840, screen_y= 525, value= None), value= center_bias) [0.1611]', '_visual(cmd= move_attention, color= , screen_pos= _visuallocation(color= None, screen_x= 728, screen_y= 529, value= None), value= laptop) [0.5256]', '_visuallocation(color= None, screen_x= 1064, screen_y= 129, value= None) [0.5756]']","[[840, 525, 0.1111], [840, 525, 0.1611], [728, 529, 0.5256], [1064, 129, 0.5756]]"
000000469658.jpg,"[['center_bias', 99, 840, 525, 1000, 0.3], ['truck', 88.13685774803162, 1191, 505, 298606, 3.0326981662724264], ['truck', 99.88220334053041, 851, 554, 1104558, 3.145215734339333], ['bus', 74.66578483581544, 109, 580, 81696, 2.888124220791551], ['truck', 86.47604584693909, 1550, 623, 15347, 3.0157293371128517], ['car', 94.94298696517944, 111, 744, 63000, 3.0995280949993163]]","['_visual(cmd= , color= , screen_pos= _visuallocation(color= , screen_x= 840, screen_y= 525, value= ), value= center_bias) [0.119]', '_visual(cmd= move_attention, color= , screen_pos= _visuallocation(color= None, screen_x= 840, screen_y= 525, value= None), value= center_bias) [0.169]', '_visual(cmd= move_attention, color= , screen_pos= _visuallocation(color= None, screen_x= 851, screen_y= 554, value= None), value= truck) [0.481]', '_visual(cmd= move_attention, color= , screen_pos= _visuallocation(color= None, screen_x= 1191, screen_y= 505, value= None), value= truck) [0.8607]', '_visual(cmd= move_attention, color= , screen_pos= _visuallocation(color= None, screen_x= 1550, screen_y= 623, value= None), value= truck) [1.3626]', '_visual(cmd= move_attention, color= , screen_pos= _visuallocation(color= None, screen_x= 109, screen_y= 580, value= None), value= bus) [1.7621]', '_visuallocation(color= None, screen_x= 111, screen_y= 744, value= None) [1.8121]']","[[840, 525, 0.119], [840, 525, 0.169], [851, 554, 0.481], [1191, 505, 0.8607], [1550, 623, 1.3626], [109, 580, 1.7621], [111, 744, 1.8121]]"
000000484019.jpg,"[['center_bias', 99, 840, 525, 1000, 0.3], ['car', 99.58747029304504, 237, 715, 49184, 3.1425569942992544], ['pottedplant', 83.97209644317627, 1274, 733, 14514, 2.9896722747600024], ['pottedplant', 85.73564887046814, 331, 367, 10582, 3.008083102585036], ['pottedplant', 87.70902156829834, 938, 379, 10296, 3.028350940536186], ['pottedplant', 86.07557415962219, 468, 714, 7777, 3.0115966073813896]]","['_visual(cmd= , color= , screen_pos= _visuallocation(color= , screen_x= 840, screen_y= 525, value= ), value= center_bias) [0.1081]', '_visual(cmd= move_attention, color= , screen_pos= _visuallocation(color= None, screen_x= 840, screen_y= 525, value= None), value= center_bias) [0.1581]', '_visual(cmd= move_attention, color= , screen_pos= _visuallocation(color= None, screen_x= 938, screen_y= 379, value= None), value= pottedplant) [0.4946]', '_visual(cmd= move_attention, color= , screen_pos= _visuallocation(color= None, screen_x= 1274, screen_y= 733, value= None), value= pottedplant) [0.9008]', '_visual(cmd= move_attention, color= , screen_pos= _visuallocation(color= None, screen_x= 468, screen_y= 714, value= None), value= pottedplant) [1.4456]', '_visuallocation(color= None, screen_x= 237, screen_y= 715, value= None) [1.4956]']","[[840, 525, 0.1081], [840, 525, 0.1581], [938, 379, 0.4946], [1274, 733, 0.9008], [468, 714, 1.4456], [237, 715, 1.4956]]"
000000487353.jpg,"[['center_bias', 99, 840, 525, 1000, 0.3], ['truck', 99.87199902534485, 836, 665, 998865, 3.145123826806383], ['car', 83.22410583496094, 1537, 854, 55014, 2.981779982200799]]","['_visual(cmd= , color= , screen_pos= _visuallocation(color= , screen_x= 840, screen_y= 525, value= ), value= center_bias) [0.1375]', '_visual(cmd= move_attention, color= , screen_pos= _visuallocation(color= None, screen_x= 840, screen_y= 525, value= None), value= center_bias) [0.1875]', '_visual(cmd= move_attention, color= , screen_pos= _visuallocation(color= None, screen_x= 836, screen_y= 665, value= None), value= truck) [0.5673]', '_visuallocation(color= None, screen_x= 1537, screen_y= 854, value= None) [0.6173]']","[[840, 525, 0.1375], [840, 525, 0.1875], [836, 665, 0.5673], [1537, 854, 0.6173]]"
000000491290.jpg,"[['center_bias', 99, 840, 525, 1000, 0.3], ['car', 99.69422817230223, 1355, 402, 81216, 3.1435210351579075], ['truck', 64.4780158996582, 733, 498, 1366756, 2.7695791358499133], ['car', 84.52242612838745, 741, 559, 1335633, 2.995447399599491], ['parking meter', 60.77610850334168, 1119, 337, 17649, 2.724975064335274]]","['_visual(cmd= , color= , screen_pos= _visuallocation(color= , screen_x= 840, screen_y= 525, value= ), value= center_bias) [0.1205]', '_visual(cmd= move_attention, color= , screen_pos= _visuallocation(color= None, screen_x= 840, screen_y= 525, value= None), value= center_bias) [0.1705]', '_visuallocation(color= None, screen_x= 741, screen_y= 559, value= None) [0.2205]']","[[840, 525, 0.1205], [840, 525, 0.1705], [741, 559, 0.2205]]"
000000491881.jpg,"[['center_bias', 99, 840, 525, 1000, 0.3], ['bus', 99.28781986236572, 433, 607, 153201, 3.139845067741226], ['truck', 96.86506986618042, 1141, 673, 71175, 3.1175925107916225], ['truck', 71.82260751724245, 1422, 665, 48199, 2.855742379641825]]","['_visual(cmd= , color= , screen_pos= _visuallocation(color= , screen_x= 840, screen_y= 525, value= ), value= center_bias) [0.118]', '_visual(cmd= move_attention, color= , screen_pos= _visuallocation(color= None, screen_x= 840, screen_y= 525, value= None), value= center_bias) [0.168]', '_visual(cmd= move_attention, color= , screen_pos= _visuallocation(color= None, screen_x= 1141, screen_y= 673, value= None), value= truck) [0.667]', '_visual(cmd= move_attention, color= , screen_pos= _visuallocation(color= None, screen_x= 1422, screen_y= 665, value= None), value= truck) [1.1113]', '_visual(cmd= move_attention, color= , screen_pos= _visuallocation(color= None, screen_x= 433, screen_y= 607, value= None), value= bus) [1.6871]', '_visual(cmd= move_attention, color= , screen_pos= _visuallocation(color= None, screen_x= 433, screen_y= 607, value= None), value= bus) [1.6871]']","[[840, 525, 0.118], [840, 525, 0.168], [1141, 673, 0.667], [1422, 665, 1.1113], [433, 607, 1.6871], [433, 607, 1.6871]]"
000000499775.jpg,"[['center_bias', 99, 840, 525, 1000, 0.3], ['bus', 99.966961145401, 730, 701, 139080, 3.145978725932575], ['car', 99.6241569519043, 1398, 776, 25908, 3.14288840816898]]","['_visual(cmd= , color= , screen_pos= _visuallocation(color= , screen_x= 840, screen_y= 525, value= ), value= center_bias) [0.1229]', '_visual(cmd= move_attention, color= , screen_pos= _visuallocation(color= None, screen_x= 840, screen_y= 525, value= None), value= center_bias) [0.1729]', '_visual(cmd= move_attention, color= , screen_pos= _visuallocation(color= None, screen_x= 730, screen_y= 701, value= None), value= bus) [0.5414]', '_visuallocation(color= None, screen_x= 1398, screen_y= 776, value= None) [0.5914]']","[[840, 525, 0.1229], [840, 525, 0.1729], [730, 701, 0.5414], [1398, 776, 0.5914]]"
000000500613.jpg,"[['center_bias', 99, 840, 525, 1000, 0.3], ['truck', 94.05426383018494, 874, 590, 634120, 3.091053726271252], ['car', 80.07413744926454, 1540, 640, 32204, 2.9480116225931843], ['truck', 75.70027112960815, 80, 563, 6636, 2.8997449615095525], ['truck', 90.34082889556885, 153, 567, 6960, 3.054812708708979], ['truck', 65.34193754196167, 1367, 580, 10400, 2.7798844099348554]]","['_visual(cmd= , color= , screen_pos= _visuallocation(color= , screen_x= 840, screen_y= 525, value= ), value= center_bias) [0.1206]', '_visual(cmd= move_attention, color= , screen_pos= _visuallocation(color= None, screen_x= 840, screen_y= 525, value= None), value= center_bias) [0.1706]', '_visual(cmd= move_attention, color= , screen_pos= _visuallocation(color= None, screen_x= 874, screen_y= 590, value= None), value= truck) [0.5501]', '_visual(cmd= move_attention, color= , screen_pos= _visuallocation(color= None, screen_x= 1367, screen_y= 580, value= None), value= truck) [1.0113]', '_visuallocation(color= None, screen_x= 1540, screen_y= 640, value= None) [1.0613]']","[[840, 525, 0.1206], [840, 525, 0.1706], [874, 590, 0.5501], [1367, 580, 1.0113], [1540, 640, 1.0613]]"
000000501723.jpg,"[['center_bias', 99, 840, 525, 1000, 0.3], ['pizza', 79.22191619873047, 816, 628, 866268, 2.9387312940481434]]","['_visual(cmd= , color= , screen_pos= _visuallocation(color= , screen_x= 840, screen_y= 525, value= ), value= center_bias) [0.1128]', '_visual(cmd= move_attention, color= , screen_pos= _visuallocation(color= None, screen_x= 840, screen_y= 525, value= None), value= center_bias) [0.1628]', '_visual(cmd= move_attention, color= , screen_pos= _visuallocation(color= None, screen_x= 816, screen_y= 628, value= None), value= pizza) [0.5114]', '_visual(cmd= move_attention, color= , screen_pos= _visuallocation(color= None, screen_x= 816, screen_y= 628, value= None), value= pizza) [0.5114]']","[[840, 525, 0.1128], [840, 525, 0.1628], [816, 628, 0.5114], [816, 628, 0.5114]]"
000000510719.jpg,"[['center_bias', 99, 840, 525, 1000, 0.3], ['truck', 99.7209370136261, 818, 566, 415072, 3.1437620435823694], ['car', 91.00912809371948, 154, 626, 24411, 3.0614390397489095]]","['_visual(cmd= , color= , screen_pos= _visuallocation(color= , screen_x= 840, screen_y= 525, value= ), value= center_bias) [0.1154]', '_visual(cmd= move_attention, color= , screen_pos= _visuallocation(color= None, screen_x= 840, screen_y= 525, value= None), value= center_bias) [0.1654]', '_visual(cmd= move_attention, color= , screen_pos= _visuallocation(color= None, screen_x= 818, screen_y= 566, value= None), value= truck) [0.4133]', '_visuallocation(color= None, screen_x= 154, screen_y= 626, value= None) [0.4633]']","[[840, 525, 0.1154], [840, 525, 0.1654], [818, 566, 0.4133], [154, 626, 0.4633]]"
000000519145.jpg,"[['center_bias', 99, 840, 525, 1000, 0.3], ['aeroplane', 76.70445442199706, 734, 464, 656608, 2.9109710525043693], ['motorbike', 99.79687929153442, 914, 833, 216480, 3.144446925599827], ['car', 99.43109750747679, 1393, 651, 46240, 3.14114288355635]]","['_visual(cmd= , color= , screen_pos= _visuallocation(color= , screen_x= 840, screen_y= 525, value= ), value= center_bias) [0.1188]', '_visual(cmd= move_attention, color= , screen_pos= _visuallocation(color= None, screen_x= 840, screen_y= 525, value= None), value= center_bias) [0.1688]', '_visual(cmd= move_attention, color= , screen_pos= _visuallocation(color= None, screen_x= 734, screen_y= 464, value= None), value= aeroplane) [0.5033]', '_visual(cmd= move_attention, color= , screen_pos= _visuallocation(color= None, screen_x= 914, screen_y= 833, value= None), value= motorbike) [1.0042]', '_visuallocation(color= None, screen_x= 1393, screen_y= 651, value= None) [1.0542]']","[[840, 525, 0.1188], [840, 525, 0.1688], [734, 464, 0.5033], [914, 833, 1.0042], [1393, 651, 1.0542]]"
000000521052.jpg,"[['center_bias', 99, 840, 525, 1000, 0.3], ['truck', 99.87069368362428, 879, 632, 976820, 3.1451120691980456], ['car', 99.48521256446838, 230, 655, 27873, 3.141632531174792]]","['_visual(cmd= , color= , screen_pos= _visuallocation(color= , screen_x= 840, screen_y= 525, value= ), value= center_bias) [0.1288]', '_visual(cmd= move_attention, color= , screen_pos= _visuallocation(color= None, screen_x= 840, screen_y= 525, value= None), value= center_bias) [0.1788]', '_visual(cmd= move_attention, color= , screen_pos= _visuallocation(color= None, screen_x= 879, screen_y= 632, value= None), value= truck) [0.5267]', '_visuallocation(color= None, screen_x= 230, screen_y= 655, value= None) [0.5767]']","[[840, 525, 0.1288], [840, 525, 0.1788], [879, 632, 0.5267], [230, 655, 0.5767]]"
000000534849.jpg,"[['center_bias', 99, 840, 525, 1000, 0.3], ['truck', 84.6709430217743, 1375, 605, 81915, 2.9970013078007125], ['bus', 99.91734027862549, 549, 612, 352260, 3.145532124304262], ['truck', 76.82969570159912, 1090, 657, 77220, 2.9123640816518646], ['car', 97.76131510734558, 1361, 700, 55713, 3.125891851276547], ['car', 94.26560997962952, 1592, 605, 5472, 3.0930202080295177]]","['_visual(cmd= , color= , screen_pos= _visuallocation(color= , screen_x= 840, screen_y= 525, value= ), value= center_bias) [0.1145]', '_visual(cmd= move_attention, color= , screen_pos= _visuallocation(color= None, screen_x= 840, screen_y= 525, value= None), value= center_bias) [0.1645]', '_visual(cmd= move_attention, color= , screen_pos= _visuallocation(color= None, screen_x= 1090, screen_y= 657, value= None), value= truck) [0.506]', '_visuallocation(color= None, screen_x= 1361, screen_y= 700, value= None) [0.556]']","[[840, 525, 0.1145], [840, 525, 0.1645], [1090, 657, 0.506], [1361, 700, 0.556]]"
000000538198.jpg,"[['center_bias', 99, 840, 525, 1000, 0.3], ['truck', 98.73740077018738, 930, 725, 740716, 3.134840442793837]]","['_visual(cmd= , color= , screen_pos= _visuallocation(color= , screen_x= 840, screen_y= 525, value= ), value= center_bias) [0.1094]', '_visual(cmd= move_attention, color= , screen_pos= _visuallocation(color= None, screen_x= 840, screen_y= 525, value= None), value= center_bias) [0.1594]', '_visual(cmd= move_attention, color= , screen_pos= _visuallocation(color= None, screen_x= 930, screen_y= 725, value= None), value= truck) [0.5184]', '_visual(cmd= move_attention, color= , screen_pos= _visuallocation(color= None, screen_x= 930, screen_y= 725, value= None), value= truck) [0.5184]']","[[840, 525, 0.1094], [840, 525, 0.1594], [930, 725, 0.5184], [930, 725, 0.5184]]"
000000539848.jpg,"[['center_bias', 99, 840, 525, 1000, 0.3], ['bus', 99.9541699886322, 626, 705, 287094, 3.1458636253273884], ['traffic light', 98.43357801437378, 528, 464, 13677, 3.1320651214458994], ['car', 97.4373698234558, 210, 782, 19250, 3.1229012022351754]]","['_visual(cmd= , color= , screen_pos= _visuallocation(color= , screen_x= 840, screen_y= 525, value= ), value= center_bias) [0.1121]', '_visual(cmd= move_attention, color= , screen_pos= _visuallocation(color= None, screen_x= 840, screen_y= 525, value= None), value= center_bias) [0.1621]', '_visual(cmd= move_attention, color= , screen_pos= _visuallocation(color= None, screen_x= 626, screen_y= 705, value= None), value= bus) [0.5922]', '_visual(cmd= move_attention, color= , screen_pos= _visuallocation(color= None, screen_x= 528, screen_y= 464, value= None), value= traffic light) [0.9547]', '_visuallocation(color= None, screen_x= 210, screen_y= 782, value= None) [1.0047]']","[[840, 525, 0.1121], [840, 525, 0.1621], [626, 705, 0.5922], [528, 464, 0.9547], [210, 782, 1.0047]]"
000000541506.jpg,"[['center_bias', 99, 840, 525, 1000, 0.3], ['truck', 99.91406202316284, 809, 544, 508388, 3.1455026104889767], ['car', 93.01971793174744, 1440, 661, 154242, 3.081092480275186]]","['_visual(cmd= , color= , screen_pos= _visuallocation(color= , screen_x= 840, screen_y= 525, value= ), value= center_bias) [0.1126]', '_visual(cmd= move_attention, color= , screen_pos= _visuallocation(color= None, screen_x= 840, screen_y= 525, value= None), value= center_bias) [0.1626]', '_visual(cmd= move_attention, color= , screen_pos= _visuallocation(color= None, screen_x= 809, screen_y= 544, value= None), value= truck) [0.4458]', '_visuallocation(color= None, screen_x= 1440, screen_y= 661, value= None) [0.4958]']","[[840, 525, 0.1126], [840, 525, 0.1626], [809, 544, 0.4458], [1440, 661, 0.4958]]"
000000552136.jpg,"[['center_bias', 99, 840, 525, 1000, 0.3], ['laptop', 97.96541929244995, 414, 864, 105378, 3.127770821006677], ['diningtable', 92.8044080734253, 693, 859, 485878, 3.0790063613319543], ['chair', 63.2719874382019, 942, 956, 89284, 2.7551245985285306], ['car', 71.56618237495421, 1294, 382, 18025, 2.8527933481822036], ['chair', 99.74926710128784, 560, 667, 27798, 3.1440176040861707], ['vase', 78.47866415977478, 1199, 507, 6072, 2.93056339114934]]","['_visual(cmd= , color= , screen_pos= _visuallocation(color= , screen_x= 840, screen_y= 525, value= ), value= center_bias) [0.1146]', '_visual(cmd= move_attention, color= , screen_pos= _visuallocation(color= None, screen_x= 840, screen_y= 525, value= None), value= center_bias) [0.1646]', '_visual(cmd= move_attention, color= , screen_pos= _visuallocation(color= None, screen_x= 560, screen_y= 667, value= None), value= chair) [0.6649]', '_visual(cmd= move_attention, color= , screen_pos= _visuallocation(color= None, screen_x= 693, screen_y= 859, value= None), value= diningtable) [0.9961]', '_visual(cmd= move_attention, color= , screen_pos= _visuallocation(color= None, screen_x= 942, screen_y= 956, value= None), value= chair) [1.3448]', '_visual(cmd= move_attention, color= , screen_pos= _visuallocation(color= None, screen_x= 1199, screen_y= 507, value= None), value= vase) [1.7019]', '_visuallocation(color= None, screen_x= 1294, screen_y= 382, value= None) [1.7519]']","[[840, 525, 0.1146], [840, 525, 0.1646], [560, 667, 0.6649], [693, 859, 0.9961], [942, 956, 1.3448], [1199, 507, 1.7019], [1294, 382, 1.7519]]"
000000555048.jpg,"[['center_bias', 99, 840, 525, 1000, 0.3], ['sofa', 91.71539545059204, 954, 622, 252672, 3.068386820706241], ['sofa', 80.83903193473816, 1346, 843, 213864, 2.956289310858932], ['car', 98.56185913085938, 239, 429, 21645, 3.133238046262344], ['vase', 95.98346948623656, 861, 625, 6240, 3.10933136983918], ['orange', 66.36870503425597, 683, 662, 1155, 2.6498678162162066], ['bowl', 84.78679060935973, 694, 678, 8120, 2.998209824634543]]","['_visual(cmd= , color= , screen_pos= _visuallocation(color= , screen_x= 840, screen_y= 525, value= ), value= center_bias) [0.1135]', '_visual(cmd= move_attention, color= , screen_pos= _visuallocation(color= None, screen_x= 840, screen_y= 525, value= None), value= center_bias) [0.1635]', '_visual(cmd= move_attention, color= , screen_pos= _visuallocation(color= None, screen_x= 861, screen_y= 625, value= None), value= vase) [0.5457]', '_visual(cmd= move_attention, color= , screen_pos= _visuallocation(color= None, screen_x= 954, screen_y= 622, value= None), value= sofa) [0.9252]', '_visual(cmd= move_attention, color= , screen_pos= _visuallocation(color= None, screen_x= 694, screen_y= 678, value= None), value= bowl) [1.3874]', '_visual(cmd= move_attention, color= , screen_pos= _visuallocation(color= None, screen_x= 683, screen_y= 662, value= None), value= orange) [1.6412]', '_visuallocation(color= None, screen_x= 239, screen_y= 429, value= None) [1.6912]']","[[840, 525, 0.1135], [840, 525, 0.1635], [861, 625, 0.5457], [954, 622, 0.9252], [694, 678, 1.3874], [683, 662, 1.6412], [239, 429, 1.6912]]"
000000558886.jpg,"[['center_bias', 99, 840, 525, 1000, 0.3], ['car', 78.40620279312135, 235, 421, 19695, 2.929792437983933], ['fire hydrant', 99.88858103752136, 780, 714, 64827, 3.1452731713019477]]","['_visual(cmd= , color= , screen_pos= _visuallocation(color= , screen_x= 840, screen_y= 525, value= ), value= center_bias) [0.118]', '_visual(cmd= move_attention, color= , screen_pos= _visuallocation(color= None, screen_x= 840, screen_y= 525, value= None), value= center_bias) [0.168]', '_visual(cmd= move_attention, color= , screen_pos= _visuallocation(color= None, screen_x= 780, screen_y= 714, value= None), value= fire hydrant) [0.6102]', '_visuallocation(color= None, screen_x= 235, screen_y= 421, value= None) [0.6602]']","[[840, 525, 0.118], [840, 525, 0.168], [780, 714, 0.6102], [235, 421, 0.6602]]"
000000565034.jpg,"[['center_bias', 99, 840, 525, 1000, 0.3], ['tvmonitor', 93.50464940071106, 815, 337, 207337, 3.085774576053285], ['keyboard', 99.87730979919434, 805, 726, 52300, 3.1451716608126143], ['mouse', 99.9261736869812, 1300, 735, 13440, 3.145611632671509]]","['_visual(cmd= , color= , screen_pos= _visuallocation(color= , screen_x= 840, screen_y= 525, value= ), value= center_bias) [0.124]', '_visual(cmd= move_attention, color= , screen_pos= _visuallocation(color= None, screen_x= 840, screen_y= 525, value= None), value= center_bias) [0.174]', '_visual(cmd= move_attention, color= , screen_pos= _visuallocation(color= None, screen_x= 815, screen_y= 337, value= None), value= tvmonitor) [0.5846]', '_visual(cmd= move_attention, color= , screen_pos= _visuallocation(color= None, screen_x= 805, screen_y= 726, value= None), value= keyboard) [1.0692]', '_visual(cmd= move_attention, color= , screen_pos= _visuallocation(color= None, screen_x= 1300, screen_y= 735, value= None), value= mouse) [1.5186]', '_visual(cmd= move_attention, color= , screen_pos= _visuallocation(color= None, screen_x= 1300, screen_y= 735, value= None), value= mouse) [1.5186]']","[[840, 525, 0.124], [840, 525, 0.174], [815, 337, 0.5846], [805, 726, 1.0692], [1300, 735, 1.5186], [1300, 735, 1.5186]]"
000000572171.jpg,"[['center_bias', 99, 840, 525, 1000, 0.3], ['car', 99.29815530776978, 779, 783, 21340, 3.1399387547299447]]","['_visual(cmd= , color= , screen_pos= _visuallocation(color= , screen_x= 840, screen_y= 525, value= ), value= center_bias) [0.1136]', '_visual(cmd= move_attention, color= , screen_pos= _visuallocation(color= None, screen_x= 840, screen_y= 525, value= None), value= center_bias) [0.1636]', '_visuallocation(color= None, screen_x= 779, screen_y= 783, value= None) [0.2136]']","[[840, 525, 0.1136], [840, 525, 0.1636], [779, 783, 0.2136]]"
000000578092.jpg,"[['center_bias', 99, 840, 525, 1000, 0.3], ['car', 99.95970726013184, 1253, 959, 163306, 3.145913454189678], ['stop sign', 99.48581457138063, 873, 546, 29070, 3.1416379766636866]]","['_visual(cmd= , color= , screen_pos= _visuallocation(color= , screen_x= 840, screen_y= 525, value= ), value= center_bias) [0.1067]', '_visual(cmd= move_attention, color= , screen_pos= _visuallocation(color= None, screen_x= 840, screen_y= 525, value= None), value= center_bias) [0.1567]', '_visual(cmd= move_attention, color= , screen_pos= _visuallocation(color= None, screen_x= 873, screen_y= 546, value= None), value= stop sign) [0.4172]', '_visuallocation(color= None, screen_x= 1253, screen_y= 959, value= None) [0.4672]']","[[840, 525, 0.1067], [840, 525, 0.1567], [873, 546, 0.4172], [1253, 959, 0.4672]]"
